BidIdentifier,BidName,BIDHumanName
10226000496_102260496_QW02_QW023_LongIslandCity,LongIslandCity,Long Island City
10226000817_102260817_QW02_QW022_LongIslandCity,LongIslandCity,Long Island City
10226000843_102260843_QW02_QW022_LongIslandCity,LongIslandCity,Long Island City
10226000864_102260864_QW02_QW022_SunnysideShines,SunnysideShines,Sunnyside Shines
10226000906_102260906_QW02_QW022_SunnysideShines,SunnysideShines,Sunnyside Shines
10226000907_102260907_QW02_QW022_SunnysideShines,SunnysideShines,Sunnyside Shines
10226000997_102260997_QW02_QW023_LongIslandCity,LongIslandCity,Long Island City
10226001033_102261033_QW02_QW023_SunnysideShines,SunnysideShines,Sunnyside Shines
10226001068_102261068_QW02_QW022_SunnysideShines,SunnysideShines,Sunnyside Shines
10226001099_102261099_QW02_QW023_SunnysideShines,SunnysideShines,Sunnyside Shines
10226001301_102261301_QW02_QW023_SunnysideShines,SunnysideShines,Sunnyside Shines
10226001303_102261303_QW02_QW023_SunnysideShines,SunnysideShines,Sunnyside Shines
10226001370_102261370_QW01_QW015_SteinwayStreet,SteinwayStreet,Steinway Street BID
10226001482_102261482_QW02_QW023_LongIslandCity,LongIslandCity,Long Island City
10226001487_102261487_QW02_QW023_LongIslandCity,LongIslandCity,Long Island City
10226001560_102261560_QW02_QW023_LongIslandCity,LongIslandCity,Long Island City
10226001561_102261561_QW02_QW023_LongIslandCity,LongIslandCity,Long Island City
10226001625_102261625_QW01_QW014_SteinwayStreet,SteinwayStreet,Steinway Street BID
10226001626_102261626_QW01_QW014_SteinwayStreet,SteinwayStreet,Steinway Street BID
10226001632_102261632_QW02_QW022_LongIslandCity,LongIslandCity,Long Island City
10226001633_102261633_QW02_QW022_LongIslandCity,LongIslandCity,Long Island City
10226001642_102261642_QW02_QW023_LongIslandCity,LongIslandCity,Long Island City
10226001813_102261813_QW02_QW023_LongIslandCity,LongIslandCity,Long Island City
10226002106_102262106_QW02_QW023_SunnysideShines,SunnysideShines,Sunnyside Shines
10226002159_102262159_QW01_QW016_LongIslandCity,LongIslandCity,Long Island City
10226002316_102262316_QW02_QW023_LongIslandCity,LongIslandCity,Long Island City
10226002505_102262505_QW02_QW022_LongIslandCity,LongIslandCity,Long Island City
10226002527_102262527_QW01_QW015_SteinwayStreet,SteinwayStreet,Steinway Street BID
10226002528_102262528_QW01_QW015_SteinwayStreet,SteinwayStreet,Steinway Street BID
10226002529_102262529_QW01_QW015_SteinwayStreet,SteinwayStreet,Steinway Street BID
10226002540_102262540_QW02_QW023_LongIslandCity,LongIslandCity,Long Island City
10226002570_102262570_QW01_QW014_SteinwayStreet,SteinwayStreet,Steinway Street BID
10226002608_102262608_QW02_QW022_LongIslandCity,LongIslandCity,Long Island City
10226002754_102262754_QW01_QW016_LongIslandCity,LongIslandCity,Long Island City
10226002798_102262798_QW01_QW015_SteinwayStreet,SteinwayStreet,Steinway Street BID
10226002799_102262799_QW01_QW015_SteinwayStreet,SteinwayStreet,Steinway Street BID
10226002847_102262847_QW02_QW023_LongIslandCity,LongIslandCity,Long Island City
10226002988_102262988_QW02_QW022_SunnysideShines,SunnysideShines,Sunnyside Shines
10226003196_102263196_QW02_QW022_SunnysideShines,SunnysideShines,Sunnyside Shines
10226003201_102263201_QW01_QW016_SteinwayStreet,SteinwayStreet,Steinway Street BID
10226003202_102263202_QW01_QW014_SteinwayStreet,SteinwayStreet,Steinway Street BID
10226003359_102263359_QW02_QW022_SunnysideShines,SunnysideShines,Sunnyside Shines
10226003360_102263360_QW02_QW022_SunnysideShines,SunnysideShines,Sunnyside Shines
10226003361_102263361_QW02_QW022_SunnysideShines,SunnysideShines,Sunnyside Shines
10226003420_102263420_QW02_QW022_SunnysideShines,SunnysideShines,Sunnyside Shines
10226003422_102263422_QW02_QW022_SunnysideShines,SunnysideShines,Sunnyside Shines
10226003534_102263534_QW02_QW022_SunnysideShines,SunnysideShines,Sunnyside Shines
10226003563_102263563_QW01_QW016_LongIslandCity,LongIslandCity,Long Island City
10226003666_102263666_QW02_QW022_LongIslandCity,LongIslandCity,Long Island City
10226003712_102263712_QW02_QW022_SunnysideShines,SunnysideShines,Sunnyside Shines
10226003821_102263821_QW02_QW022_SunnysideShines,SunnysideShines,Sunnyside Shines
10226004157_102264157_QW02_QW022_LongIslandCity,LongIslandCity,Long Island City
10226004158_102264158_QW02_QW022_LongIslandCity,LongIslandCity,Long Island City
10226004175_102264175_QW02_QW022_LongIslandCity,LongIslandCity,Long Island City
10226004176_102264176_QW02_QW022_LongIslandCity,LongIslandCity,Long Island City
10226004252_102264252_QW02_QW023_LongIslandCity,LongIslandCity,Long Island City
10226004367_102264367_QW01_QW015_SteinwayStreet,SteinwayStreet,Steinway Street BID
10226004567_102264567_QW02_QW022_LongIslandCity,LongIslandCity,Long Island City
10226004769_102264769_QW02_QW022_LongIslandCity,LongIslandCity,Long Island City
10226005033_102265033_QW02_QW023_SunnysideShines,SunnysideShines,Sunnyside Shines
10226005198_102265198_QW02_QW022_SunnysideShines,SunnysideShines,Sunnyside Shines
10226005210_102265210_QW02_QW022_LongIslandCity,LongIslandCity,Long Island City
10226005372_102265372_QW02_QW023_LongIslandCity,LongIslandCity,Long Island City
10226005436_102265436_QW01_QW016_LongIslandCity,LongIslandCity,Long Island City
10226005574_102265574_QW02_QW022_LongIslandCity,LongIslandCity,Long Island City
10226005605_102265605_QW02_QW022_LongIslandCity,LongIslandCity,Long Island City
10226005610_102265610_QW02_QW023_LongIslandCity,LongIslandCity,Long Island City
10226005753_102265753_QW01_QW015_SteinwayStreet,SteinwayStreet,Steinway Street BID
10226005754_102265754_QW01_QW015_SteinwayStreet,SteinwayStreet,Steinway Street BID
10226005755_102265755_QW01_QW015_SteinwayStreet,SteinwayStreet,Steinway Street BID
10226005840_102265840_QW02_QW023_LongIslandCity,LongIslandCity,Long Island City
10226005846_102265846_QW02_QW023_SunnysideShines,SunnysideShines,Sunnyside Shines
10226006019_102266019_QW02_QW023_SunnysideShines,SunnysideShines,Sunnyside Shines
10226006078_102266078_QW02_QW022_SunnysideShines,SunnysideShines,Sunnyside Shines
10226006079_102266079_QW02_QW022_SunnysideShines,SunnysideShines,Sunnyside Shines
10226006098_102266098_QW02_QW022_SunnysideShines,SunnysideShines,Sunnyside Shines
10226006120_102266120_QW02_QW023_LongIslandCity,LongIslandCity,Long Island City
10226006152_102266152_QW01_QW014_SteinwayStreet,SteinwayStreet,Steinway Street BID
10226006154_102266154_QW01_QW014_SteinwayStreet,SteinwayStreet,Steinway Street BID
10226006161_102266161_QW02_QW022_LongIslandCity,LongIslandCity,Long Island City
10226006205_102266205_QW02_QW023_LongIslandCity,LongIslandCity,Long Island City
10226006256_102266256_QW02_QW023_SunnysideShines,SunnysideShines,Sunnyside Shines
10226006381_102266381_QW02_QW022_SunnysideShines,SunnysideShines,Sunnyside Shines
10226006648_102266648_QW02_QW022_LongIslandCity,LongIslandCity,Long Island City
10226006719_102266719_QW02_QW023_LongIslandCity,LongIslandCity,Long Island City
10226006849_102266849_QW01_QW014_SteinwayStreet,SteinwayStreet,Steinway Street BID
10226006908_102266908_QW02_QW023_LongIslandCity,LongIslandCity,Long Island City
10226006939_102266939_QW02_QW023_SunnysideShines,SunnysideShines,Sunnyside Shines
10226007035_102267035_QW02_QW023_LongIslandCity,LongIslandCity,Long Island City
10226007040_102267040_QW01_QW014_SteinwayStreet,SteinwayStreet,Steinway Street BID
10226007048_102267048_QW02_QW022_LongIslandCity,LongIslandCity,Long Island City
10226007057_102267057_QW02_QW022_LongIslandCity,LongIslandCity,Long Island City
10226007094_102267094_QW01_QW015_SteinwayStreet,SteinwayStreet,Steinway Street BID
10226007232_102267232_QW01_QW014_SteinwayStreet,SteinwayStreet,Steinway Street BID
10226007289_102267289_QW02_QW023_SunnysideShines,SunnysideShines,Sunnyside Shines
10226007314_102267314_QW02_QW022_LongIslandCity,LongIslandCity,Long Island City
10226007326_102267326_QW02_QW022_SunnysideShines,SunnysideShines,Sunnyside Shines
10226007385_102267385_QW02_QW023_SunnysideShines,SunnysideShines,Sunnyside Shines
10226007387_102267387_QW02_QW023_SunnysideShines,SunnysideShines,Sunnyside Shines
10226007437_102267437_QW02_QW022_LongIslandCity,LongIslandCity,Long Island City
10226007438_102267438_QW02_QW023_LongIslandCity,LongIslandCity,Long Island City
10226007669_102267669_QW02_QW022_LongIslandCity,LongIslandCity,Long Island City
10226007688_102267688_QW02_QW022_SunnysideShines,SunnysideShines,Sunnyside Shines
10226007691_102267691_QW02_QW022_LongIslandCity,LongIslandCity,Long Island City
10226007785_102267785_QW02_QW022_LongIslandCity,LongIslandCity,Long Island City
10226007882_102267882_QW02_QW023_SunnysideShines,SunnysideShines,Sunnyside Shines
10226007900_102267900_QW02_QW022_SunnysideShines,SunnysideShines,Sunnyside Shines
10226008386_102268386_QW02_QW022_LongIslandCity,LongIslandCity,Long Island City
10226008396_102268396_QW02_QW022_LongIslandCity,LongIslandCity,Long Island City
10226008478_102268478_QW02_QW023_LongIslandCity,LongIslandCity,Long Island City
10226008489_102268489_QW02_QW022_LongIslandCity,LongIslandCity,Long Island City
10226008494_102268494_QW02_QW022_LongIslandCity,LongIslandCity,Long Island City
10226008496_102268496_QW02_QW022_LongIslandCity,LongIslandCity,Long Island City
10226008709_102268709_QW02_QW022_LongIslandCity,LongIslandCity,Long Island City
10226008715_102268715_QW02_QW023_LongIslandCity,LongIslandCity,Long Island City
10226008717_102268717_QW02_QW023_LongIslandCity,LongIslandCity,Long Island City
10226008718_102268718_QW02_QW023_LongIslandCity,LongIslandCity,Long Island City
10226009008_102269008_QW02_QW022_LongIslandCity,LongIslandCity,Long Island City
10226009678_102261007_MN06_MN062_LongIslandCity,LongIslandCity,Long Island City
10226009679_102261008_MN06_MN062_LongIslandCity,LongIslandCity,Long Island City
11226000255_112260255_QE07_QE071_DowntownFlushing,DowntownFlushing,Downtown Flushing
11226001305_112261305_QE07_QE071_DowntownFlushing,DowntownFlushing,Downtown Flushing
11226001555_112261555_QE07_QE071_DowntownFlushing,DowntownFlushing,Downtown Flushing
11226001739_112261739_QE07_QE071_DowntownFlushing,DowntownFlushing,Downtown Flushing
11226002763_112262763_QE11_QE112_BaysideVillage,BaysideVillage,Bayside Village
11226002823_112262823_QE07_QE071_DowntownFlushing,DowntownFlushing,Downtown Flushing
11226002824_112262824_QE07_QE071_DowntownFlushing,DowntownFlushing,Downtown Flushing
11226002955_112262955_QE07_QE071_DowntownFlushing,DowntownFlushing,Downtown Flushing
11226003048_112263048_QE11_QE112_BaysideVillage,BaysideVillage,Bayside Village
11226003050_112263050_QE11_QE112_BaysideVillage,BaysideVillage,Bayside Village
11226003366_112263366_QE11_QE112_BaysideVillage,BaysideVillage,Bayside Village
11226003372_112263372_QE11_QE112_BaysideVillage,BaysideVillage,Bayside Village
11226003753_112263753_QE11_QE112_BaysideVillage,BaysideVillage,Bayside Village
11226003759_112263759_QE11_QE116_BaysideVillage,BaysideVillage,Bayside Village
11226003760_112263760_QE11_QE116_BaysideVillage,BaysideVillage,Bayside Village
11226003796_112263796_QE07_QE071_DowntownFlushing,DowntownFlushing,Downtown Flushing
11226004104_112264104_QE11_QE112_BaysideVillage,BaysideVillage,Bayside Village
11226004319_112264319_QE07_QE071_DowntownFlushing,DowntownFlushing,Downtown Flushing
11226004359_112264359_QE11_QE116_BaysideVillage,BaysideVillage,Bayside Village
11226004455_112264455_QE11_QE112_BaysideVillage,BaysideVillage,Bayside Village
11226004458_112264458_QE07_QE071_DowntownFlushing,DowntownFlushing,Downtown Flushing
11226004823_112264823_QE07_QE071_DowntownFlushing,DowntownFlushing,Downtown Flushing
11226004824_112264824_QE07_QE071_DowntownFlushing,DowntownFlushing,Downtown Flushing
11226005275_112265275_QE11_QE112_BaysideVillage,BaysideVillage,Bayside Village
11226005581_112265581_QE11_QE112_BaysideVillage,BaysideVillage,Bayside Village
11226005937_112265937_QE11_QE116_BaysideVillage,BaysideVillage,Bayside Village
11226005962_112265962_QE07_QE071_DowntownFlushing,DowntownFlushing,Downtown Flushing
11226006555_112266555_QE11_QE112_BaysideVillage,BaysideVillage,Bayside Village
11226006556_112266556_QE11_QE112_BaysideVillage,BaysideVillage,Bayside Village
11226006597_112266597_QE07_QE071_DowntownFlushing,DowntownFlushing,Downtown Flushing
11226006599_112266599_QE07_QE071_DowntownFlushing,DowntownFlushing,Downtown Flushing
11226006714_112266714_QE07_QE071_DowntownFlushing,DowntownFlushing,Downtown Flushing
11226006715_112266715_QE07_QE071_DowntownFlushing,DowntownFlushing,Downtown Flushing
11226006741_112266741_QE11_QE116_BaysideVillage,BaysideVillage,Bayside Village
11226007141_112267141_QE07_QE071_DowntownFlushing,DowntownFlushing,Downtown Flushing
11226007159_112267159_QE11_QE116_BaysideVillage,BaysideVillage,Bayside Village
11226007160_112267160_QE11_QE116_BaysideVillage,BaysideVillage,Bayside Village
11226007161_112267161_QE11_QE116_BaysideVillage,BaysideVillage,Bayside Village
11226007527_112267527_QE11_QE112_BaysideVillage,BaysideVillage,Bayside Village
11226008303_112268303_QE07_QE071_DowntownFlushing,DowntownFlushing,Downtown Flushing
11226008304_112268304_QE07_QE071_DowntownFlushing,DowntownFlushing,Downtown Flushing
11226008368_112268368_QE07_QE071_DowntownFlushing,DowntownFlushing,Downtown Flushing
11226008490_112268490_QE11_QE116_BaysideVillage,BaysideVillage,Bayside Village
11226008555_112268555_QE07_QE071_DowntownFlushing,DowntownFlushing,Downtown Flushing
11226008591_112268591_QE07_QE071_DowntownFlushing,DowntownFlushing,Downtown Flushing
11226008873_112268873_QE07_QE071_DowntownFlushing,DowntownFlushing,Downtown Flushing
11226008952_112268952_QE07_QE071_DowntownFlushing,DowntownFlushing,Downtown Flushing
11226009414_112269414_QE11_QE112_BaysideVillage,BaysideVillage,Bayside Village
11226009415_112269415_QE11_QE112_BaysideVillage,BaysideVillage,Bayside Village
11226009669_112269669_QE07_QE071_DowntownFlushing,DowntownFlushing,Downtown Flushing
11226009763_112269763_QE11_QE112_BaysideVillage,BaysideVillage,Bayside Village
12226000001_122260000_MN02_MN022_NoHo,NoHo,NoHo BID
12226000008_122260000_MN04_MN042_HudsonYardsHellsK,HudsonYardsHellsKitchen,Hudson Yards/Hell's Kitchen
12226000009_122260000_MN04_MN042_HudsonYardsHellsK,HudsonYardsHellsKitchen,Hudson Yards/Hell's Kitchen
12226000021_122260002_MN05_MN052_GrandCentralPartn,GrandCentralPartnership,Grand Central Partnership
12226000040_122260004_MN02_MN022_VillageAlliance,VillageAlliance,Village Alliance BID
12226000049_122260004_MN02_MN023_Meatpacking,Meatpacking,Meatpacking BID
12226000063_122260006_MN04_MN042_34thStreet,34thStreet,34th Street BID
12226000079_122260007_MN01_MN013_Chinatown,Chinatown,Chinatown
12226000085_122260008_MN02_MN022_NoHo,NoHo,NoHo BID
12226000103_122260010_MN04_MN042_HudsonYardsHellsK,HudsonYardsHellsKitchen,Hudson Yards/Hell's Kitchen
12226000106_122260010_MN02_MN022_NoHo,NoHo,NoHo BID
12226000112_122260011_MN04_MN042_HudsonYardsHellsK,HudsonYardsHellsKitchen,Hudson Yards/Hell's Kitchen
12226000146_122260014_MN04_MN042_34thStreet,34thStreet,34th Street BID
12226000148_122260014_MN01_MN011_DowntownAlliance,DowntownAlliance,Downtown Alliance BID
12226000153_122260015_MN04_MN042_HudsonYardsHellsK,HudsonYardsHellsKitchen,Hudson Yards/Hell's Kitchen
12226000161_212262372_MN03_MN031_Chinatown,Chinatown,Chinatown
12226000171_122260017_MN04_MN042_HudsonYardsHellsK,HudsonYardsHellsKitchen,Hudson Yards/Hell's Kitchen
12226000188_122260018_MN04_MN042_HudsonYardsHellsK,HudsonYardsHellsKitchen,Hudson Yards/Hell's Kitchen
12226000254_122260025_MN02_MN022_NoHo,NoHo,NoHo BID
12226000259_122260025_MN04_MN042_HudsonYardsHellsK,HudsonYardsHellsKitchen,Hudson Yards/Hell's Kitchen
12226000269_122260026_MN02_MN022_NoHo,NoHo,NoHo BID
12226000276_122260027_MN04_MN041_Meatpacking,Meatpacking,Meatpacking BID
12226000327_122260032_MN04_MN042_HudsonYardsHellsK,HudsonYardsHellsKitchen,Hudson Yards/Hell's Kitchen
12226000357_122260035_MN03_MN031_Chinatown,Chinatown,Chinatown
12226000363_122260036_MN04_MN042_HudsonYardsHellsK,HudsonYardsHellsKitchen,Hudson Yards/Hell's Kitchen
12226000368_122260036_MN04_MN042_HudsonYardsHellsK,HudsonYardsHellsKitchen,Hudson Yards/Hell's Kitchen
12226000369_122260036_MN04_MN042_HudsonYardsHellsK,HudsonYardsHellsKitchen,Hudson Yards/Hell's Kitchen
12226000372_122260037_MN02_MN023_Meatpacking,Meatpacking,Meatpacking BID
12226000373_122260037_MN02_MN023_Meatpacking,Meatpacking,Meatpacking BID
12226000377_212261620_BKN02_BKN021_DUMBO,DUMBO,DUMBO
12226000379_122260037_MN05_MN051_GarmentDistrict,GarmentDistrict,Garment District
12226000381_122260038_MN04_MN041_Meatpacking,Meatpacking,Meatpacking BID
12226000382_122260038_MN04_MN041_Meatpacking,Meatpacking,Meatpacking BID
12226000385_122260038_MN04_MN041_Meatpacking,Meatpacking,Meatpacking BID
12226000390_212260114_BKN02_BKN021_DUMBO,DUMBO,DUMBO
12226000402_212262261_MN03_MN031_Chinatown,Chinatown,Chinatown
12226000403_122260040_MN03_MN031_Chinatown,Chinatown,Chinatown
12226000404_212261868_BKN02_BKN021_DUMBO,DUMBO,DUMBO
12226000406_122260040_MN05_MN052_TimesSquare,TimesSquare,Times Square BID
12226000416_122260041_MN04_MN042_HudsonYardsHellsK,HudsonYardsHellsKitchen,Hudson Yards/Hell's Kitchen
12226000419_122260041_MN05_MN051_14thStreet,14thStreet,14th Street BID
12226000426_122260042_MN05_MN051_34thStreet,34thStreet,34th Street BID
12226000427_122260042_MN04_MN041_Meatpacking,Meatpacking,Meatpacking BID
12226000430_122260043_MN04_MN042_HudsonYardsHellsK,HudsonYardsHellsKitchen,Hudson Yards/Hell's Kitchen
12226000435_122260043_MN03_MN031_Chinatown,Chinatown,Chinatown
12226000437_122260043_MN05_MN051_GarmentDistrict,GarmentDistrict,Garment District
12226000445_122260044_MN04_MN041_Meatpacking,Meatpacking,Meatpacking BID
12226000446_122260044_MN04_MN041_Meatpacking,Meatpacking,Meatpacking BID
12226000448_122260044_MN05_MN051_Flatiron23rdStree,Flatiron23rdStreetPartnership,Flatiron/23rd Street Partnership
12226000466_122260046_MN02_MN021_HudsonSquare,HudsonSquare,Hudson Square
12226000469_122260046_MN04_MN042_HudsonYardsHellsK,HudsonYardsHellsKitchen,Hudson Yards/Hell's Kitchen
12226000470_122260047_MN04_MN042_HudsonYardsHellsK,HudsonYardsHellsKitchen,Hudson Yards/Hell's Kitchen
12226000474_122260047_MN05_MN051_Flatiron23rdStree,Flatiron23rdStreetPartnership,Flatiron/23rd Street Partnership
12226000493_122260049_MN05_MN052_TimesSquare,TimesSquare,Times Square BID
12226000513_122260051_MN04_MN042_34thStreet,34thStreet,34th Street BID
12226000530_122260053_MN04_MN042_34thStreet,34thStreet,34th Street BID
12226000538_122260053_MN04_MN043_TimesSquare,TimesSquare,Times Square BID
12226000539_122260053_MN04_MN043_HudsonYardsHellsK,HudsonYardsHellsKitchen,Hudson Yards/Hell's Kitchen
12226000579_122260057_MN01_MN011_DowntownAlliance,DowntownAlliance,Downtown Alliance BID
12226000581_122260058_MN05_MN051_Flatiron23rdStree,Flatiron23rdStreetPartnership,Flatiron/23rd Street Partnership
12226000606_122260060_MN04_MN043_TimesSquare,TimesSquare,Times Square BID
12226000607_122260060_MN04_MN043_TimesSquare,TimesSquare,Times Square BID
12226000620_122260062_MN05_MN052_GrandCentralPartn,GrandCentralPartnership,Grand Central Partnership
12226000622_122260062_MN04_MN042_HudsonYardsHellsK,HudsonYardsHellsKitchen,Hudson Yards/Hell's Kitchen
12226000664_122260066_MN03_MN032_LowerEastSide,LowerEastSide,Lower East Side BID
12226000669_122260066_MN02_MN023_VillageAlliance,VillageAlliance,Village Alliance BID
12226000674_122260067_MN04_MN043_LincolnSquare,LincolnSquare,Lincoln Square BID
12226000676_122260067_MN04_MN043_LincolnSquare,LincolnSquare,Lincoln Square BID
12226000677_122260067_MN02_MN023_VillageAlliance,VillageAlliance,Village Alliance BID
12226000699_122260069_MN03_MN032_LowerEastSide,LowerEastSide,Lower East Side BID
12226000700_122260070_MN03_MN032_LowerEastSide,LowerEastSide,Lower East Side BID
12226000709_122260070_MN08_MN081_EastMidManhattan,EastMidManhattan,East Mid-Manhattan BID
12226000711_122260071_MN08_MN081_EastMidManhattan,EastMidManhattan,East Mid-Manhattan BID
12226000714_122260071_MN05_MN051_GarmentDistrict,GarmentDistrict,Garment District
12226000715_122260071_MN05_MN051_GarmentDistrict,GarmentDistrict,Garment District
12226000718_122260071_MN02_MN021_HudsonSquare,HudsonSquare,Hudson Square
12226000740_122260074_MN03_MN034_VillageAlliance,VillageAlliance,Village Alliance BID
12226000741_122260074_MN03_MN034_VillageAlliance,VillageAlliance,Village Alliance BID
12226000743_122260074_MN05_MN052_GrandCentralPartn,GrandCentralPartnership,Grand Central Partnership
12226000744_122260074_MN05_MN052_GrandCentralPartn,GrandCentralPartnership,Grand Central Partnership
12226000746_122260074_MN05_MN052_GrandCentralPartn,GrandCentralPartnership,Grand Central Partnership
12226000747_122260074_MN05_MN052_GrandCentralPartn,GrandCentralPartnership,Grand Central Partnership
12226000754_122260075_MN06_MN062_GrandCentralPartn,GrandCentralPartnership,Grand Central Partnership
12226000757_122260075_MN03_MN032_LowerEastSide,LowerEastSide,Lower East Side BID
12226000758_122260075_MN03_MN032_LowerEastSide,LowerEastSide,Lower East Side BID
12226000759_122260075_MN03_MN032_LowerEastSide,LowerEastSide,Lower East Side BID
12226000768_122260076_MN04_MN042_HudsonYardsHellsK,HudsonYardsHellsKitchen,Hudson Yards/Hell's Kitchen
12226000772_122260077_MN05_MN052_5thAvenue,5thAvenue,5th Avenue BID
12226000773_122260077_MN05_MN051_14thStreet,14thStreet,14th Street BID
12226000778_122260077_MN05_MN051_34thStreet,34thStreet,34th Street BID
12226000779_122260077_MN05_MN051_34thStreet,34thStreet,34th Street BID
12226000785_122260078_MN08_MN081_EastMidManhattan,EastMidManhattan,East Mid-Manhattan BID
12226000786_122260078_MN08_MN081_MadisonAvenue,MadisonAvenue,Madison Avenue BID
12226000799_122260079_MN02_MN022_VillageAlliance,VillageAlliance,Village Alliance BID
12226000813_122260081_MN02_MN023_Meatpacking,Meatpacking,Meatpacking BID
12226000816_122260081_MN02_MN021_SoHoBroadway,SoHoBroadway,SoHo Broadway BID
12226000817_122260081_MN02_MN021_SoHoBroadway,SoHoBroadway,SoHo Broadway BID
12226000819_122260081_MN04_MN042_34thStreet,34thStreet,34th Street BID
12226000829_122260082_MN04_MN042_HudsonYardsHellsK,HudsonYardsHellsKitchen,Hudson Yards/Hell's Kitchen
12226000838_122260083_MN06_MN062_GrandCentralPartn,GrandCentralPartnership,Grand Central Partnership
12226000839_122260083_MN06_MN062_GrandCentralPartn,GrandCentralPartnership,Grand Central Partnership
12226000840_122260084_MN06_MN062_GrandCentralPartn,GrandCentralPartnership,Grand Central Partnership
12226000844_122260084_MN02_MN021_Chinatown,Chinatown,Chinatown
12226000845_122260084_MN02_MN021_Chinatown,Chinatown,Chinatown
12226000867_122260086_MN02_MN022_NoHo,NoHo,NoHo BID
12226000868_122260086_MN02_MN022_NoHo,NoHo,NoHo BID
12226000871_122260087_MN05_MN052_GrandCentralPartn,GrandCentralPartnership,Grand Central Partnership
12226000876_122260087_MN04_MN042_HudsonYardsHellsK,HudsonYardsHellsKitchen,Hudson Yards/Hell's Kitchen
12226000877_122260087_MN04_MN042_HudsonYardsHellsK,HudsonYardsHellsKitchen,Hudson Yards/Hell's Kitchen
12226000920_122260092_MN04_MN042_HudsonYardsHellsK,HudsonYardsHellsKitchen,Hudson Yards/Hell's Kitchen
12226000921_122260092_MN04_MN042_GarmentDistrict,GarmentDistrict,Garment District
12226000922_122260092_MN04_MN042_GarmentDistrict,GarmentDistrict,Garment District
12226000938_122260093_MN02_MN022_VillageAlliance,VillageAlliance,Village Alliance BID
12226000939_122260093_MN02_MN022_VillageAlliance,VillageAlliance,Village Alliance BID
12226000940_122260094_MN02_MN022_VillageAlliance,VillageAlliance,Village Alliance BID
12226000942_122260094_MN04_MN041_Meatpacking,Meatpacking,Meatpacking BID
12226000943_122260094_MN04_MN041_Meatpacking,Meatpacking,Meatpacking BID
12226000948_122260094_MN04_MN042_GarmentDistrict,GarmentDistrict,Garment District
12226000949_122260094_MN04_MN042_HudsonYardsHellsK,HudsonYardsHellsKitchen,Hudson Yards/Hell's Kitchen
12226000952_122260095_MN04_MN042_34thStreet,34thStreet,34th Street BID
12226000961_122260096_MN06_MN063_EastMidManhattan,EastMidManhattan,East Mid-Manhattan BID
12226000963_122260096_MN06_MN063_EastMidManhattan,EastMidManhattan,East Mid-Manhattan BID
12226000974_122260097_MN05_MN052_TimesSquare,TimesSquare,Times Square BID
12226000977_122260097_MN05_MN052_TimesSquare,TimesSquare,Times Square BID
12226000978_122260097_MN05_MN052_TimesSquare,TimesSquare,Times Square BID
12226000982_122260098_MN08_MN081_EastMidManhattan,EastMidManhattan,East Mid-Manhattan BID
12226000984_122260098_MN08_MN081_EastMidManhattan,EastMidManhattan,East Mid-Manhattan BID
12226000985_122260098_MN05_MN052_GrandCentralPartn,GrandCentralPartnership,Grand Central Partnership
12226000996_122260099_MN05_MN051_14thStreet,14thStreet,14th Street BID
12226000997_122260099_MN05_MN051_14thStreet,14thStreet,14th Street BID
12226001000_122260100_MN05_MN052_GrandCentralPartn,GrandCentralPartnership,Grand Central Partnership
12226001001_122260100_MN06_MN062_GrandCentralPartn,GrandCentralPartnership,Grand Central Partnership
12226001002_122260100_MN06_MN062_GrandCentralPartn,GrandCentralPartnership,Grand Central Partnership
12226001005_122260100_MN05_MN051_Flatiron23rdStree,Flatiron23rdStreetPartnership,Flatiron/23rd Street Partnership
12226001006_122260100_MN05_MN051_Flatiron23rdStree,Flatiron23rdStreetPartnership,Flatiron/23rd Street Partnership
12226001010_122260101_MN08_MN081_MadisonAvenue,MadisonAvenue,Madison Avenue BID
12226001034_122260103_MN05_MN051_14thStreet,14thStreet,14th Street BID
12226001045_122260104_MN02_MN021_Chinatown,Chinatown,Chinatown
12226001059_122260105_MN05_MN051_Flatiron23rdStree,Flatiron23rdStreetPartnership,Flatiron/23rd Street Partnership
12226001066_122260106_MN02_MN022_NoHo,NoHo,NoHo BID
12226001070_122260107_MN03_MN034_VillageAlliance,VillageAlliance,Village Alliance BID
12226001104_122260110_MN05_MN052_GrandCentralPartn,GrandCentralPartnership,Grand Central Partnership
12226001108_122260110_MN06_MN063_EastMidManhattan,EastMidManhattan,East Mid-Manhattan BID
12226001124_122260112_MN04_MN043_GarmentDistrict,GarmentDistrict,Garment District
12226001125_122260112_MN04_MN043_GarmentDistrict,GarmentDistrict,Garment District
12226001126_122260112_MN04_MN043_GarmentDistrict,GarmentDistrict,Garment District
12226001138_122260113_MN02_MN021_HudsonSquare,HudsonSquare,Hudson Square
12226001165_122260116_MN05_MN052_EastMidManhattan,EastMidManhattan,East Mid-Manhattan BID
12226001166_122260116_MN05_MN052_EastMidManhattan,EastMidManhattan,East Mid-Manhattan BID
12226001176_122260117_MN05_MN051_34thStreet,34thStreet,34th Street BID
12226001208_122260120_MN05_MN052_EastMidManhattan,EastMidManhattan,East Mid-Manhattan BID
12226001266_122260126_MN04_MN042_34thStreet,34thStreet,34th Street BID
12226001268_122260126_MN04_MN042_34thStreet,34thStreet,34th Street BID
12226001269_122260126_MN04_MN042_34thStreet,34thStreet,34th Street BID
12226001278_122260127_MN05_MN051_14thStreet,14thStreet,14th Street BID
12226001282_122260128_MN05_MN051_TimesSquare,TimesSquare,Times Square BID
12226001283_122260128_MN05_MN051_TimesSquare,TimesSquare,Times Square BID
12226001290_122260129_MN05_MN051_Flatiron23rdStree,Flatiron23rdStreetPartnership,Flatiron/23rd Street Partnership
12226001296_122260129_MN05_MN052_GrandCentralPartn,GrandCentralPartnership,Grand Central Partnership
12226001298_122260129_MN02_MN021_SoHoBroadway,SoHoBroadway,SoHo Broadway BID
12226001300_122260130_MN02_MN021_SoHoBroadway,SoHoBroadway,SoHo Broadway BID
12226001311_122260131_MN04_MN042_HudsonYardsHellsK,HudsonYardsHellsKitchen,Hudson Yards/Hell's Kitchen
12226001358_122260135_MN02_MN021_HudsonSquare,HudsonSquare,Hudson Square
12226001360_122260136_MN06_MN062_GrandCentralPartn,GrandCentralPartnership,Grand Central Partnership
12226001361_122260136_MN06_MN062_GrandCentralPartn,GrandCentralPartnership,Grand Central Partnership
12226001401_122260140_MN06_MN062_GrandCentralPartn,GrandCentralPartnership,Grand Central Partnership
12226001402_122260140_MN06_MN062_GrandCentralPartn,GrandCentralPartnership,Grand Central Partnership
12226001403_122260140_MN06_MN062_GrandCentralPartn,GrandCentralPartnership,Grand Central Partnership
12226001404_122260140_MN02_MN021_Chinatown,Chinatown,Chinatown
12226001405_122260140_MN02_MN021_Chinatown,Chinatown,Chinatown
12226001406_122260140_MN02_MN021_Chinatown,Chinatown,Chinatown
12226001416_122260141_MN03_MN031_Chinatown,Chinatown,Chinatown
12226001433_122260143_MN02_MN021_HudsonSquare,HudsonSquare,Hudson Square
12226001434_122260143_MN02_MN021_HudsonSquare,HudsonSquare,Hudson Square
12226001435_122260143_MN07_MN071_LincolnSquare,LincolnSquare,Lincoln Square BID
12226001437_122260143_MN07_MN071_LincolnSquare,LincolnSquare,Lincoln Square BID
12226001456_122260145_MN02_MN021_SoHoBroadway,SoHoBroadway,SoHo Broadway BID
12226001457_122260145_MN02_MN021_SoHoBroadway,SoHoBroadway,SoHo Broadway BID
12226001488_122260148_MN06_MN062_GrandCentralPartn,GrandCentralPartnership,Grand Central Partnership
12226001498_122260149_MN02_MN023_Meatpacking,Meatpacking,Meatpacking BID
12226001499_122260149_MN02_MN023_Meatpacking,Meatpacking,Meatpacking BID
12226001506_122260150_MN02_MN023_Meatpacking,Meatpacking,Meatpacking BID
12226001521_212261929_MN03_MN031_Chinatown,Chinatown,Chinatown
12226001525_122260152_MN04_MN042_GarmentDistrict,GarmentDistrict,Garment District
12226001532_122260153_MN05_MN051_Flatiron23rdStree,Flatiron23rdStreetPartnership,Flatiron/23rd Street Partnership
12226001536_122260153_MN05_MN051_GarmentDistrict,GarmentDistrict,Garment District
12226001540_122260154_MN05_MN052_5thAvenue,5thAvenue,5th Avenue BID
12226001541_122260154_MN02_MN023_Meatpacking,Meatpacking,Meatpacking BID
12226001543_122260154_MN02_MN023_Meatpacking,Meatpacking,Meatpacking BID
12226001550_122260155_MN02_MN023_Meatpacking,Meatpacking,Meatpacking BID
12226001551_122260155_MN02_MN023_Meatpacking,Meatpacking,Meatpacking BID
12226001554_122260155_MN02_MN022_NoHo,NoHo,NoHo BID
12226001562_122260156_MN05_MN051_GarmentDistrict,GarmentDistrict,Garment District
12226001563_122260156_MN05_MN051_TimesSquare,TimesSquare,Times Square BID
12226001581_122260158_MN05_MN052_5thAvenue,5thAvenue,5th Avenue BID
12226001588_122260158_MN06_MN063_EastMidManhattan,EastMidManhattan,East Mid-Manhattan BID
12226001594_122260159_MN05_MN052_GrandCentralPartn,GrandCentralPartnership,Grand Central Partnership
12226001596_122260159_MN05_MN052_GrandCentralPartn,GrandCentralPartnership,Grand Central Partnership
12226001597_122260159_MN02_MN023_VillageAlliance,VillageAlliance,Village Alliance BID
12226001599_122260159_MN02_MN023_VillageAlliance,VillageAlliance,Village Alliance BID
12226001636_122260163_MN04_MN042_HudsonYardsHellsK,HudsonYardsHellsKitchen,Hudson Yards/Hell's Kitchen
12226001647_122260164_MN05_MN052_GrandCentralPartn,GrandCentralPartnership,Grand Central Partnership
12226001648_122260164_MN05_MN052_GrandCentralPartn,GrandCentralPartnership,Grand Central Partnership
12226001652_122260165_MN02_MN021_NoHo,NoHo,NoHo BID
12226001661_122260166_MN02_MN023_VillageAlliance,VillageAlliance,Village Alliance BID
12226001662_122260166_MN04_MN041_Meatpacking,Meatpacking,Meatpacking BID
12226001663_122260166_MN04_MN041_Meatpacking,Meatpacking,Meatpacking BID
12226001664_122260166_MN04_MN041_Meatpacking,Meatpacking,Meatpacking BID
12226001682_122260168_MN03_MN034_14thStreet,14thStreet,14th Street BID
12226001683_122260168_MN03_MN034_14thStreet,14thStreet,14th Street BID
12226001697_122260169_MN05_MN051_GarmentDistrict,GarmentDistrict,Garment District
12226001698_122260169_MN05_MN051_GarmentDistrict,GarmentDistrict,Garment District
12226001717_122260171_MN05_MN051_34thStreet,34thStreet,34th Street BID
12226001729_122260172_MN05_MN051_34thStreet,34thStreet,34th Street BID
12226001730_122260173_MN05_MN051_34thStreet,34thStreet,34th Street BID
12226001731_122260173_MN05_MN052_TimesSquare,TimesSquare,Times Square BID
12226001732_122260173_MN05_MN052_TimesSquare,TimesSquare,Times Square BID
12226001736_122260173_MN01_MN013_Chinatown,Chinatown,Chinatown
12226001751_122260175_MN04_MN042_HudsonYardsHellsK,HudsonYardsHellsKitchen,Hudson Yards/Hell's Kitchen
12226001760_122260176_MN01_MN013_Chinatown,Chinatown,Chinatown
12226001761_122260176_MN01_MN013_Chinatown,Chinatown,Chinatown
12226001765_122260176_MN05_MN052_BryantPark,BryantPark,Bryant Park BID
12226001766_122260176_MN05_MN052_BryantPark,BryantPark,Bryant Park BID
12226001767_122260176_MN05_MN052_BryantPark,BryantPark,Bryant Park BID
12226001774_122260177_MN05_MN052_EastMidManhattan,EastMidManhattan,East Mid-Manhattan BID
12226001776_122260177_MN05_MN052_EastMidManhattan,EastMidManhattan,East Mid-Manhattan BID
12226001777_122260177_MN02_MN021_HudsonSquare,HudsonSquare,Hudson Square
12226001787_122260178_MN08_MN081_MadisonAvenue,MadisonAvenue,Madison Avenue BID
12226001792_122260179_MN02_MN021_HudsonSquare,HudsonSquare,Hudson Square
12226001795_122260179_MN05_MN052_GrandCentralPartn,GrandCentralPartnership,Grand Central Partnership
12226001799_122260179_MN08_MN081_EastMidManhattan,EastMidManhattan,East Mid-Manhattan BID
12226001808_122260180_MN02_MN023_VillageAlliance,VillageAlliance,Village Alliance BID
12226001809_122260180_MN02_MN023_VillageAlliance,VillageAlliance,Village Alliance BID
12226001810_122260181_MN02_MN023_VillageAlliance,VillageAlliance,Village Alliance BID
12226001817_122260181_MN02_MN021_HudsonSquare,HudsonSquare,Hudson Square
12226001818_122260181_MN02_MN021_HudsonSquare,HudsonSquare,Hudson Square
12226001834_122260183_MN05_MN051_Flatiron23rdStree,Flatiron23rdStreetPartnership,Flatiron/23rd Street Partnership
12226001836_122260183_MN04_MN042_HudsonYardsHellsK,HudsonYardsHellsKitchen,Hudson Yards/Hell's Kitchen
12226001841_122260184_MN02_MN022_NoHo,NoHo,NoHo BID
12226001842_122260184_MN02_MN022_NoHo,NoHo,NoHo BID
12226001843_122260184_MN02_MN022_NoHo,NoHo,NoHo BID
12226001851_122260185_MN02_MN022_NoHo,NoHo,NoHo BID
12226001853_122260185_MN02_MN022_NoHo,NoHo,NoHo BID
12226001860_122260186_MN02_MN022_NoHo,NoHo,NoHo BID
12226001879_122260187_MN02_MN021_SoHoBroadway,SoHoBroadway,SoHo Broadway BID
12226001880_122260188_MN02_MN021_SoHoBroadway,SoHoBroadway,SoHo Broadway BID
12226001890_122260189_MN05_MN051_Flatiron23rdStree,Flatiron23rdStreetPartnership,Flatiron/23rd Street Partnership
12226001905_122260190_MN05_MN052_EastMidManhattan,EastMidManhattan,East Mid-Manhattan BID
12226001907_122260190_MN05_MN052_MadisonAvenue,MadisonAvenue,Madison Avenue BID
12226001913_122260191_MN04_MN042_Flatiron23rdStree,Flatiron23rdStreetPartnership,Flatiron/23rd Street Partnership
12226001933_122260193_MN08_MN081_EastMidManhattan,EastMidManhattan,East Mid-Manhattan BID
12226001934_122260193_MN08_MN081_EastMidManhattan,EastMidManhattan,East Mid-Manhattan BID
12226001935_122260193_MN08_MN081_EastMidManhattan,EastMidManhattan,East Mid-Manhattan BID
12226001946_122260194_MN04_MN043_TimesSquare,TimesSquare,Times Square BID
12226001964_122260196_MN04_MN042_34thStreet,34thStreet,34th Street BID
12226001965_122260196_MN05_MN052_GrandCentralPartn,GrandCentralPartnership,Grand Central Partnership
12226001966_122260196_MN05_MN052_GrandCentralPartn,GrandCentralPartnership,Grand Central Partnership
12226001979_122260197_MN05_MN051_GarmentDistrict,GarmentDistrict,Garment District
12226001982_122260198_MN02_MN021_HudsonSquare,HudsonSquare,Hudson Square
12226001987_122260198_MN02_MN022_VillageAlliance,VillageAlliance,Village Alliance BID
12226001989_122260198_MN02_MN022_NoHo,NoHo,NoHo BID
12226001996_122260199_MN04_MN042_GarmentDistrict,GarmentDistrict,Garment District
12226002017_122260201_MN02_MN022_VillageAlliance,VillageAlliance,Village Alliance BID
12226002019_122260201_MN02_MN022_VillageAlliance,VillageAlliance,Village Alliance BID
12226002030_122260203_MN05_MN051_GarmentDistrict,GarmentDistrict,Garment District
12226002032_122260203_MN05_MN051_GarmentDistrict,GarmentDistrict,Garment District
12226002052_122260205_MN03_MN032_LowerEastSide,LowerEastSide,Lower East Side BID
12226002053_122260205_MN03_MN032_LowerEastSide,LowerEastSide,Lower East Side BID
12226002058_122260205_MN05_MN051_Flatiron23rdStree,Flatiron23rdStreetPartnership,Flatiron/23rd Street Partnership
12226002065_122260206_MN02_MN021_Chinatown,Chinatown,Chinatown
12226002070_122260207_MN04_MN042_HudsonYardsHellsK,HudsonYardsHellsKitchen,Hudson Yards/Hell's Kitchen
12226002084_122260208_MN05_MN051_Flatiron23rdStree,Flatiron23rdStreetPartnership,Flatiron/23rd Street Partnership
12226002089_122260208_MN05_MN051_34thStreet,34thStreet,34th Street BID
12226002092_122260209_MN05_MN051_Flatiron23rdStree,Flatiron23rdStreetPartnership,Flatiron/23rd Street Partnership
12226002093_122260209_MN05_MN051_Flatiron23rdStree,Flatiron23rdStreetPartnership,Flatiron/23rd Street Partnership
12226002107_122260210_MN05_MN052_GrandCentralPartn,GrandCentralPartnership,Grand Central Partnership
12226002113_122260211_MN08_MN081_EastMidManhattan,EastMidManhattan,East Mid-Manhattan BID
12226002114_122260211_MN08_MN081_EastMidManhattan,EastMidManhattan,East Mid-Manhattan BID
12226002126_122260212_MN05_MN052_TimesSquare,TimesSquare,Times Square BID
12226002127_122260212_MN05_MN052_TimesSquare,TimesSquare,Times Square BID
12226002128_122260212_MN05_MN052_TimesSquare,TimesSquare,Times Square BID
12226002132_122260213_MN06_MN062_GrandCentralPartn,GrandCentralPartnership,Grand Central Partnership
12226002136_122260213_MN01_MN013_Chinatown,Chinatown,Chinatown
12226002137_122260213_MN01_MN013_Chinatown,Chinatown,Chinatown
12226002138_122260213_MN02_MN022_VillageAlliance,VillageAlliance,Village Alliance BID
12226002156_122260215_MN03_MN032_LowerEastSide,LowerEastSide,Lower East Side BID
12226002157_122260215_MN03_MN032_LowerEastSide,LowerEastSide,Lower East Side BID
12226002170_122260217_MN05_MN051_14thStreet,14thStreet,14th Street BID
12226002172_122260217_MN05_MN051_14thStreet,14thStreet,14th Street BID
12226002188_122260218_MN02_MN022_NoHo,NoHo,NoHo BID
12226002190_122260219_MN02_MN022_NoHo,NoHo,NoHo BID
12226002212_122260221_MN02_MN023_Meatpacking,Meatpacking,Meatpacking BID
12226002220_122260222_MN05_MN051_Flatiron23rdStree,Flatiron23rdStreetPartnership,Flatiron/23rd Street Partnership
12226002242_122260224_MN02_MN022_VillageAlliance,VillageAlliance,Village Alliance BID
12226002244_122260224_MN05_MN052_GrandCentralPartn,GrandCentralPartnership,Grand Central Partnership
12226002245_122260224_MN05_MN052_GrandCentralPartn,GrandCentralPartnership,Grand Central Partnership
12226002250_122260225_MN02_MN022_NoHo,NoHo,NoHo BID
12226002252_122260225_MN06_MN062_GrandCentralPartn,GrandCentralPartnership,Grand Central Partnership
12226002271_122260227_MN04_MN042_HudsonYardsHellsK,HudsonYardsHellsKitchen,Hudson Yards/Hell's Kitchen
12226002276_122260227_MN02_MN021_HudsonSquare,HudsonSquare,Hudson Square
12226002277_122260227_MN02_MN021_HudsonSquare,HudsonSquare,Hudson Square
12226002280_122260228_MN01_MN013_Chinatown,Chinatown,Chinatown
12226002297_122260229_MN02_MN022_NoHo,NoHo,NoHo BID
12226002307_122260230_MN02_MN021_SoHoBroadway,SoHoBroadway,SoHo Broadway BID
12226002317_122260231_MN06_MN063_EastMidManhattan,EastMidManhattan,East Mid-Manhattan BID
12226002326_122260232_MN02_MN023_Meatpacking,Meatpacking,Meatpacking BID
12226002329_122260232_MN06_MN062_GrandCentralPartn,GrandCentralPartnership,Grand Central Partnership
12226002330_122260233_MN06_MN062_GrandCentralPartn,GrandCentralPartnership,Grand Central Partnership
12226002333_122260233_MN05_MN052_GrandCentralPartn,GrandCentralPartnership,Grand Central Partnership
12226002341_122260234_MN04_MN043_TimesSquare,TimesSquare,Times Square BID
12226002371_122260237_MN08_MN082_MadisonAvenue,MadisonAvenue,Madison Avenue BID
12226002376_122260237_MN05_MN051_GarmentDistrict,GarmentDistrict,Garment District
12226002377_122260237_MN05_MN051_GarmentDistrict,GarmentDistrict,Garment District
12226002381_122260238_MN05_MN051_Flatiron23rdStree,Flatiron23rdStreetPartnership,Flatiron/23rd Street Partnership
12226002386_122260238_MN04_MN042_GarmentDistrict,GarmentDistrict,Garment District
12226002390_122260239_MN02_MN023_Meatpacking,Meatpacking,Meatpacking BID
12226002391_122260239_MN02_MN023_Meatpacking,Meatpacking,Meatpacking BID
12226002400_122260240_MN05_MN052_GrandCentralPartn,GrandCentralPartnership,Grand Central Partnership
12226002411_122260241_MN02_MN021_Chinatown,Chinatown,Chinatown
12226002413_122260241_MN02_MN021_Chinatown,Chinatown,Chinatown
12226002429_122260242_MN06_MN061_Flatiron23rdStree,Flatiron23rdStreetPartnership,Flatiron/23rd Street Partnership
12226002435_122260243_MN05_MN052_5thAvenue,5thAvenue,5th Avenue BID
12226002450_122260245_MN02_MN023_Meatpacking,Meatpacking,Meatpacking BID
12226002452_122260245_MN02_MN023_Meatpacking,Meatpacking,Meatpacking BID
12226002477_122260247_MN05_MN052_GrandCentralPartn,GrandCentralPartnership,Grand Central Partnership
12226002478_122260247_MN05_MN052_GrandCentralPartn,GrandCentralPartnership,Grand Central Partnership
12226002483_122260248_MN04_MN042_HudsonYardsHellsK,HudsonYardsHellsKitchen,Hudson Yards/Hell's Kitchen
12226002484_122260248_MN04_MN042_HudsonYardsHellsK,HudsonYardsHellsKitchen,Hudson Yards/Hell's Kitchen
12226002487_122260248_MN04_MN043_TimesSquare,TimesSquare,Times Square BID
12226002494_122260249_MN01_MN013_Chinatown,Chinatown,Chinatown
12226002495_122260249_MN01_MN013_Chinatown,Chinatown,Chinatown
12226002496_122260249_MN01_MN013_Chinatown,Chinatown,Chinatown
12226002526_122260252_MN05_MN051_Flatiron23rdStree,Flatiron23rdStreetPartnership,Flatiron/23rd Street Partnership
12226002527_122260252_MN05_MN051_Flatiron23rdStree,Flatiron23rdStreetPartnership,Flatiron/23rd Street Partnership
12226002528_122260252_MN05_MN051_Flatiron23rdStree,Flatiron23rdStreetPartnership,Flatiron/23rd Street Partnership
12226002534_122260253_MN06_MN062_GrandCentralPartn,GrandCentralPartnership,Grand Central Partnership
12226002536_122260253_MN04_MN042_HudsonYardsHellsK,HudsonYardsHellsKitchen,Hudson Yards/Hell's Kitchen
12226002537_122260253_MN05_MN051_Flatiron23rdStree,Flatiron23rdStreetPartnership,Flatiron/23rd Street Partnership
12226002541_122260254_MN05_MN052_TimesSquare,TimesSquare,Times Square BID
12226002557_122260255_MN08_MN081_MadisonAvenue,MadisonAvenue,Madison Avenue BID
12226002560_122260256_MN02_MN022_NoHo,NoHo,NoHo BID
12226002568_122260256_MN05_MN051_Flatiron23rdStree,Flatiron23rdStreetPartnership,Flatiron/23rd Street Partnership
12226002570_122260257_MN05_MN051_Flatiron23rdStree,Flatiron23rdStreetPartnership,Flatiron/23rd Street Partnership
12226002587_122260258_MN03_MN032_LowerEastSide,LowerEastSide,Lower East Side BID
12226002602_122260260_MN04_MN042_HudsonYardsHellsK,HudsonYardsHellsKitchen,Hudson Yards/Hell's Kitchen
12226002616_122260261_MN03_MN032_LowerEastSide,LowerEastSide,Lower East Side BID
12226002618_122260261_MN06_MN061_Flatiron23rdStree,Flatiron23rdStreetPartnership,Flatiron/23rd Street Partnership
12226002619_122260261_MN05_MN051_Flatiron23rdStree,Flatiron23rdStreetPartnership,Flatiron/23rd Street Partnership
12226002625_122260262_MN04_MN043_TimesSquare,TimesSquare,Times Square BID
12226002638_122260263_MN05_MN052_GrandCentralPartn,GrandCentralPartnership,Grand Central Partnership
12226002645_122260264_MN04_MN043_TimesSquare,TimesSquare,Times Square BID
12226002646_122260264_MN04_MN043_TimesSquare,TimesSquare,Times Square BID
12226002676_122260267_MN05_MN052_BryantPark,BryantPark,Bryant Park BID
12226002677_122260267_MN05_MN052_GarmentDistrict,GarmentDistrict,Garment District
12226002681_122260268_MN05_MN052_GrandCentralPartn,GrandCentralPartnership,Grand Central Partnership
12226002685_122260268_MN02_MN023_VillageAlliance,VillageAlliance,Village Alliance BID
12226002691_122260269_MN04_MN042_HudsonYardsHellsK,HudsonYardsHellsKitchen,Hudson Yards/Hell's Kitchen
12226002693_122260269_MN04_MN042_HudsonYardsHellsK,HudsonYardsHellsKitchen,Hudson Yards/Hell's Kitchen
12226002695_122260269_MN05_MN052_5thAvenue,5thAvenue,5th Avenue BID
12226002696_122260269_MN05_MN052_5thAvenue,5thAvenue,5th Avenue BID
12226002698_122260269_MN02_MN022_VillageAlliance,VillageAlliance,Village Alliance BID
12226002709_122260270_MN04_MN042_GarmentDistrict,GarmentDistrict,Garment District
12226002726_122260272_MN02_MN021_SoHoBroadway,SoHoBroadway,SoHo Broadway BID
12226002733_122260273_MN04_MN043_TimesSquare,TimesSquare,Times Square BID
12226002744_122260274_MN05_MN051_BryantPark,BryantPark,Bryant Park BID
12226002745_122260274_MN05_MN052_BryantPark,BryantPark,Bryant Park BID
12226002746_122260274_MN05_MN051_BryantPark,BryantPark,Bryant Park BID
12226002754_122260275_MN02_MN021_HudsonSquare,HudsonSquare,Hudson Square
12226002755_122260275_MN02_MN021_HudsonSquare,HudsonSquare,Hudson Square
12226002766_122260276_MN06_MN061_14thStreet,14thStreet,14th Street BID
12226002769_122260276_MN05_MN051_Flatiron23rdStree,Flatiron23rdStreetPartnership,Flatiron/23rd Street Partnership
12226002771_122260277_MN05_MN051_Flatiron23rdStree,Flatiron23rdStreetPartnership,Flatiron/23rd Street Partnership
12226002773_122260277_MN02_MN021_SoHoBroadway,SoHoBroadway,SoHo Broadway BID
12226002774_122260277_MN02_MN021_SoHoBroadway,SoHoBroadway,SoHo Broadway BID
12226002778_122260277_MN05_MN052_5thAvenue,5thAvenue,5th Avenue BID
12226002783_122260278_MN05_MN051_34thStreet,34thStreet,34th Street BID
12226002784_122260278_MN05_MN051_34thStreet,34thStreet,34th Street BID
12226002787_122260278_MN05_MN051_34thStreet,34thStreet,34th Street BID
12226002796_122260279_MN05_MN052_34thStreet,34thStreet,34th Street BID
12226002806_122260280_MN02_MN023_VillageAlliance,VillageAlliance,Village Alliance BID
12226002845_122260284_MN05_MN052_47thStreet,47thStreet,47th Street BID
12226002846_122260284_MN05_MN052_5thAvenue,5thAvenue,5th Avenue BID
12226002847_122260284_MN05_MN052_47thStreet,47thStreet,47th Street BID
12226002851_122260285_MN02_MN023_Meatpacking,Meatpacking,Meatpacking BID
12226002857_122260285_MN05_MN051_Flatiron23rdStree,Flatiron23rdStreetPartnership,Flatiron/23rd Street Partnership
12226002869_122260286_MN03_MN032_LowerEastSide,LowerEastSide,Lower East Side BID
12226002870_212261411_MN03_MN032_LowerEastSide,LowerEastSide,Lower East Side BID
12226002914_122260291_MN06_MN063_EastMidManhattan,EastMidManhattan,East Mid-Manhattan BID
12226002915_122260291_MN06_MN063_EastMidManhattan,EastMidManhattan,East Mid-Manhattan BID
12226002928_122260292_MN02_MN023_14thStreet,14thStreet,14th Street BID
12226002948_122260294_MN07_MN071_LincolnSquare,LincolnSquare,Lincoln Square BID
12226002962_122260296_MN03_MN032_LowerEastSide,LowerEastSide,Lower East Side BID
12226002963_122260296_MN03_MN032_LowerEastSide,LowerEastSide,Lower East Side BID
12226002993_122260299_MN08_MN081_EastMidManhattan,EastMidManhattan,East Mid-Manhattan BID
12226002995_122260299_MN08_MN081_EastMidManhattan,EastMidManhattan,East Mid-Manhattan BID
12226003002_122260300_MN03_MN031_Chinatown,Chinatown,Chinatown
12226003003_122260300_MN03_MN031_Chinatown,Chinatown,Chinatown
12226003007_122260300_MN06_MN061_14thStreet,14thStreet,14th Street BID
12226003010_122260301_MN06_MN063_EastMidManhattan,EastMidManhattan,East Mid-Manhattan BID
12226003011_122260301_MN06_MN063_EastMidManhattan,EastMidManhattan,East Mid-Manhattan BID
12226003026_122260302_MN05_MN052_TimesSquare,TimesSquare,Times Square BID
12226003027_122260302_MN05_MN052_TimesSquare,TimesSquare,Times Square BID
12226003031_122260303_MN05_MN052_GarmentDistrict,GarmentDistrict,Garment District
12226003049_122260304_MN02_MN022_VillageAlliance,VillageAlliance,Village Alliance BID
12226003053_122260305_MN06_MN061_14thStreet,14thStreet,14th Street BID
12226003062_122260306_MN08_MN081_EastMidManhattan,EastMidManhattan,East Mid-Manhattan BID
12226003079_122260307_MN06_MN063_EastMidManhattan,EastMidManhattan,East Mid-Manhattan BID
12226003081_122260308_MN06_MN063_EastMidManhattan,EastMidManhattan,East Mid-Manhattan BID
12226003089_122260308_MN02_MN021_SoHoBroadway,SoHoBroadway,SoHo Broadway BID
12226003090_122260309_MN02_MN021_SoHoBroadway,SoHoBroadway,SoHo Broadway BID
12226003119_122260311_MN03_MN032_LowerEastSide,LowerEastSide,Lower East Side BID
12226003120_122260312_MN03_MN032_LowerEastSide,LowerEastSide,Lower East Side BID
12226003122_122260312_MN02_MN021_HudsonSquare,HudsonSquare,Hudson Square
12226003128_122260312_MN03_MN031_Chinatown,Chinatown,Chinatown
12226003130_122260313_MN03_MN031_Chinatown,Chinatown,Chinatown
12226003134_122260313_MN05_MN051_GarmentDistrict,GarmentDistrict,Garment District
12226003146_122260314_MN04_MN042_HudsonYardsHellsK,HudsonYardsHellsKitchen,Hudson Yards/Hell's Kitchen
12226003147_122260314_MN04_MN042_HudsonYardsHellsK,HudsonYardsHellsKitchen,Hudson Yards/Hell's Kitchen
12226003163_122260316_MN03_MN032_LowerEastSide,LowerEastSide,Lower East Side BID
12226003181_122260318_MN04_MN042_HudsonYardsHellsK,HudsonYardsHellsKitchen,Hudson Yards/Hell's Kitchen
12226003197_122260319_MN05_MN052_EastMidManhattan,EastMidManhattan,East Mid-Manhattan BID
12226003210_122260321_MN05_MN052_GarmentDistrict,GarmentDistrict,Garment District
12226003211_122260321_MN05_MN051_GarmentDistrict,GarmentDistrict,Garment District
12226003215_122260321_MN02_MN023_VillageAlliance,VillageAlliance,Village Alliance BID
12226003216_122260321_MN02_MN023_VillageAlliance,VillageAlliance,Village Alliance BID
12226003217_122260321_MN02_MN023_VillageAlliance,VillageAlliance,Village Alliance BID
12226003226_122260322_MN04_MN042_HudsonYardsHellsK,HudsonYardsHellsKitchen,Hudson Yards/Hell's Kitchen
12226003244_122260324_MN03_MN032_LowerEastSide,LowerEastSide,Lower East Side BID
12226003262_212260796_MN03_MN031_Chinatown,Chinatown,Chinatown
12226003264_122260326_MN04_MN042_HudsonYardsHellsK,HudsonYardsHellsKitchen,Hudson Yards/Hell's Kitchen
12226003266_122260326_MN04_MN042_HudsonYardsHellsK,HudsonYardsHellsKitchen,Hudson Yards/Hell's Kitchen
12226003267_122260326_MN04_MN042_HudsonYardsHellsK,HudsonYardsHellsKitchen,Hudson Yards/Hell's Kitchen
12226003281_122260328_MN03_MN032_LowerEastSide,LowerEastSide,Lower East Side BID
12226003301_122260330_MN05_MN052_BryantPark,BryantPark,Bryant Park BID
12226003302_122260330_MN05_MN052_BryantPark,BryantPark,Bryant Park BID
12226003303_122260330_MN05_MN052_BryantPark,BryantPark,Bryant Park BID
12226003309_122260330_MN05_MN051_Flatiron23rdStree,Flatiron23rdStreetPartnership,Flatiron/23rd Street Partnership
12226003310_122260331_MN05_MN051_Flatiron23rdStree,Flatiron23rdStreetPartnership,Flatiron/23rd Street Partnership
12226003318_122260331_MN08_MN081_MadisonAvenue,MadisonAvenue,Madison Avenue BID
12226003327_122260332_MN02_MN021_Chinatown,Chinatown,Chinatown
12226003329_122260332_MN02_MN021_Chinatown,Chinatown,Chinatown
12226003337_122260333_MN02_MN021_Chinatown,Chinatown,Chinatown
12226003338_122260333_MN02_MN021_Chinatown,Chinatown,Chinatown
12226003341_122260334_MN05_MN051_14thStreet,14thStreet,14th Street BID
12226003342_122260334_MN05_MN051_14thStreet,14thStreet,14th Street BID
12226003356_122260335_MN05_MN052_5thAvenue,5thAvenue,5th Avenue BID
12226003357_122260335_MN05_MN052_EastMidManhattan,EastMidManhattan,East Mid-Manhattan BID
12226003364_122260336_MN05_MN052_5thAvenue,5thAvenue,5th Avenue BID
12226003391_122260339_MN02_MN023_VillageAlliance,VillageAlliance,Village Alliance BID
12226003392_122260339_MN02_MN023_VillageAlliance,VillageAlliance,Village Alliance BID
12226003420_122260342_MN03_MN032_LowerEastSide,LowerEastSide,Lower East Side BID
12226003429_122260342_MN02_MN023_14thStreet,14thStreet,14th Street BID
12226003431_122260343_MN02_MN023_14thStreet,14thStreet,14th Street BID
12226003440_122260344_MN06_MN061_Flatiron23rdStree,Flatiron23rdStreetPartnership,Flatiron/23rd Street Partnership
12226003461_122260346_MN02_MN021_SoHoBroadway,SoHoBroadway,SoHo Broadway BID
12226003468_122260346_MN02_MN021_Chinatown,Chinatown,Chinatown
12226003484_122260348_MN05_MN051_TimesSquare,TimesSquare,Times Square BID
12226003485_122260348_MN05_MN051_34thStreet,34thStreet,34th Street BID
12226003487_122260348_MN05_MN051_34thStreet,34thStreet,34th Street BID
12226003491_122260349_MN03_MN032_LowerEastSide,LowerEastSide,Lower East Side BID
12226003501_122260350_MN05_MN052_TimesSquare,TimesSquare,Times Square BID
12226003505_122260350_MN05_MN052_EastMidManhattan,EastMidManhattan,East Mid-Manhattan BID
12226003509_122260350_MN01_MN013_Chinatown,Chinatown,Chinatown
12226003511_122260351_MN01_MN013_Chinatown,Chinatown,Chinatown
12226003520_122260352_MN04_MN042_Flatiron23rdStree,Flatiron23rdStreetPartnership,Flatiron/23rd Street Partnership
12226003521_122260352_MN04_MN042_Flatiron23rdStree,Flatiron23rdStreetPartnership,Flatiron/23rd Street Partnership
12226003526_122260352_MN03_MN031_Chinatown,Chinatown,Chinatown
12226003530_122260353_MN04_MN042_34thStreet,34thStreet,34th Street BID
12226003542_122260354_MN04_MN041_Meatpacking,Meatpacking,Meatpacking BID
12226003549_122260354_MN05_MN052_GrandCentralPartn,GrandCentralPartnership,Grand Central Partnership
12226003589_122260358_MN02_MN023_VillageAlliance,VillageAlliance,Village Alliance BID
12226003596_122260359_MN05_MN052_GrandCentralPartn,GrandCentralPartnership,Grand Central Partnership
12226003601_122260360_MN02_MN023_VillageAlliance,VillageAlliance,Village Alliance BID
12226003607_122260360_MN02_MN021_HudsonSquare,HudsonSquare,Hudson Square
12226003610_122260361_MN02_MN021_HudsonSquare,HudsonSquare,Hudson Square
12226003611_122260361_MN02_MN021_HudsonSquare,HudsonSquare,Hudson Square
12226003634_122260363_MN05_MN052_5thAvenue,5thAvenue,5th Avenue BID
12226003635_122260363_MN05_MN052_5thAvenue,5thAvenue,5th Avenue BID
12226003636_122260363_MN05_MN052_5thAvenue,5thAvenue,5th Avenue BID
12226003657_122260365_MN05_MN052_47thStreet,47thStreet,47th Street BID
12226003658_122260365_MN05_MN052_47thStreet,47thStreet,47th Street BID
12226003678_122260367_MN05_MN052_GrandCentralPartn,GrandCentralPartnership,Grand Central Partnership
12226003691_122260369_MN05_MN052_GrandCentralPartn,GrandCentralPartnership,Grand Central Partnership
12226003704_122260370_MN04_MN043_TimesSquare,TimesSquare,Times Square BID
12226003705_122260370_MN07_MN071_LincolnSquare,LincolnSquare,Lincoln Square BID
12226003706_122260370_MN07_MN071_LincolnSquare,LincolnSquare,Lincoln Square BID
12226003707_122260370_MN07_MN071_LincolnSquare,LincolnSquare,Lincoln Square BID
12226003708_122260370_MN07_MN071_LincolnSquare,LincolnSquare,Lincoln Square BID
12226003721_122260372_MN05_MN052_TimesSquare,TimesSquare,Times Square BID
12226003733_122260373_MN02_MN021_HudsonSquare,HudsonSquare,Hudson Square
12226003734_122260373_MN02_MN021_HudsonSquare,HudsonSquare,Hudson Square
12226003739_122260373_MN05_MN052_TimesSquare,TimesSquare,Times Square BID
12226003747_122260374_MN05_MN051_Flatiron23rdStree,Flatiron23rdStreetPartnership,Flatiron/23rd Street Partnership
12226003752_122260375_MN08_MN081_MadisonAvenue,MadisonAvenue,Madison Avenue BID
12226003761_122260376_MN08_MN081_MadisonAvenue,MadisonAvenue,Madison Avenue BID
12226003763_122260376_MN08_MN081_MadisonAvenue,MadisonAvenue,Madison Avenue BID
12226003769_122260376_MN05_MN052_TimesSquare,TimesSquare,Times Square BID
12226003771_122260377_MN05_MN052_TimesSquare,TimesSquare,Times Square BID
12226003775_122260377_MN03_MN034_14thStreet,14thStreet,14th Street BID
12226003776_122260377_MN03_MN034_14thStreet,14thStreet,14th Street BID
12226003801_122260380_MN03_MN032_LowerEastSide,LowerEastSide,Lower East Side BID
12226003802_122260380_MN03_MN032_LowerEastSide,LowerEastSide,Lower East Side BID
12226003803_122260380_MN05_MN052_TimesSquare,TimesSquare,Times Square BID
12226003810_122260381_MN03_MN032_LowerEastSide,LowerEastSide,Lower East Side BID
12226003811_122260381_MN03_MN032_LowerEastSide,LowerEastSide,Lower East Side BID
12226003827_122260382_MN05_MN052_EastMidManhattan,EastMidManhattan,East Mid-Manhattan BID
12226003828_122260382_MN05_MN052_EastMidManhattan,EastMidManhattan,East Mid-Manhattan BID
12226003836_122260383_MN03_MN032_LowerEastSide,LowerEastSide,Lower East Side BID
12226003840_122260384_MN02_MN023_Meatpacking,Meatpacking,Meatpacking BID
12226003841_122260384_MN02_MN023_Meatpacking,Meatpacking,Meatpacking BID
12226003843_122260384_MN04_MN042_HudsonYardsHellsK,HudsonYardsHellsKitchen,Hudson Yards/Hell's Kitchen
12226003849_122260384_MN02_MN021_HudsonSquare,HudsonSquare,Hudson Square
12226003860_122260386_MN05_MN052_GarmentDistrict,GarmentDistrict,Garment District
12226003863_122260386_MN08_MN081_MadisonAvenue,MadisonAvenue,Madison Avenue BID
12226003869_122260386_MN05_MN052_EastMidManhattan,EastMidManhattan,East Mid-Manhattan BID
12226003879_122260387_MN02_MN021_SoHoBroadway,SoHoBroadway,SoHo Broadway BID
12226003882_122260388_MN02_MN023_VillageAlliance,VillageAlliance,Village Alliance BID
12226003906_122260390_MN05_MN051_34thStreet,34thStreet,34th Street BID
12226003907_122260390_MN05_MN051_34thStreet,34thStreet,34th Street BID
12226003909_122260390_MN05_MN052_34thStreet,34thStreet,34th Street BID
12226003917_122260391_MN05_MN052_EastMidManhattan,EastMidManhattan,East Mid-Manhattan BID
12226003923_122260392_MN05_MN052_GrandCentralPartn,GrandCentralPartnership,Grand Central Partnership
12226003924_122260392_MN06_MN063_EastMidManhattan,EastMidManhattan,East Mid-Manhattan BID
12226003926_122260392_MN06_MN063_EastMidManhattan,EastMidManhattan,East Mid-Manhattan BID
12226003928_122260392_MN08_MN081_MadisonAvenue,MadisonAvenue,Madison Avenue BID
12226003938_212262449_MN01_MN011_DowntownAlliance,DowntownAlliance,Downtown Alliance BID
12226003939_122260393_MN01_MN011_DowntownAlliance,DowntownAlliance,Downtown Alliance BID
12226003949_122260394_MN06_MN062_34thStreet,34thStreet,34th Street BID
12226003959_122260395_MN03_MN031_Chinatown,Chinatown,Chinatown
12226003960_122260396_MN03_MN031_Chinatown,Chinatown,Chinatown
12226003961_212261721_MN03_MN031_Chinatown,Chinatown,Chinatown
12226003966_122260396_MN03_MN034_14thStreet,14thStreet,14th Street BID
12226003967_122260396_MN03_MN034_14thStreet,14thStreet,14th Street BID
12226003979_122260397_MN04_MN042_HudsonYardsHellsK,HudsonYardsHellsKitchen,Hudson Yards/Hell's Kitchen
12226003985_122260398_MN03_MN031_Chinatown,Chinatown,Chinatown
12226003987_122260398_MN03_MN031_Chinatown,Chinatown,Chinatown
12226003988_122260398_MN05_MN052_GarmentDistrict,GarmentDistrict,Garment District
12226003995_122260399_MN05_MN052_5thAvenue,5thAvenue,5th Avenue BID
12226003996_122260399_MN05_MN052_5thAvenue,5thAvenue,5th Avenue BID
12226004000_122260400_MN08_MN082_MadisonAvenue,MadisonAvenue,Madison Avenue BID
12226004002_122260400_MN05_MN052_BryantPark,BryantPark,Bryant Park BID
12226004003_122260400_MN05_MN052_BryantPark,BryantPark,Bryant Park BID
12226004004_122260400_MN03_MN032_LowerEastSide,LowerEastSide,Lower East Side BID
12226004005_122260400_MN03_MN032_LowerEastSide,LowerEastSide,Lower East Side BID
12226004009_122260400_MN03_MN032_LowerEastSide,LowerEastSide,Lower East Side BID
12226004010_122260401_MN03_MN032_LowerEastSide,LowerEastSide,Lower East Side BID
12226004014_122260401_MN05_MN052_GrandCentralPartn,GrandCentralPartnership,Grand Central Partnership
12226004017_122260401_MN08_MN081_MadisonAvenue,MadisonAvenue,Madison Avenue BID
12226004046_122260404_MN02_MN023_VillageAlliance,VillageAlliance,Village Alliance BID
12226004048_122260404_MN02_MN023_VillageAlliance,VillageAlliance,Village Alliance BID
12226004057_122260405_MN02_MN022_NoHo,NoHo,NoHo BID
12226004058_122260405_MN02_MN022_NoHo,NoHo,NoHo BID
12226004059_122260405_MN02_MN022_NoHo,NoHo,NoHo BID
12226004069_122260406_MN02_MN022_VillageAlliance,VillageAlliance,Village Alliance BID
12226004104_122260410_MN05_MN051_34thStreet,34thStreet,34th Street BID
12226004106_122260410_MN05_MN051_34thStreet,34thStreet,34th Street BID
12226004139_122260413_MN05_MN052_GrandCentralPartn,GrandCentralPartnership,Grand Central Partnership
12226004151_122260415_MN02_MN021_HudsonSquare,HudsonSquare,Hudson Square
12226004160_122260416_MN05_MN052_GrandCentralPartn,GrandCentralPartnership,Grand Central Partnership
12226004161_122260416_MN05_MN052_GrandCentralPartn,GrandCentralPartnership,Grand Central Partnership
12226004166_122260416_MN06_MN063_EastMidManhattan,EastMidManhattan,East Mid-Manhattan BID
12226004170_122260417_MN05_MN052_TimesSquare,TimesSquare,Times Square BID
12226004171_122260417_MN05_MN052_TimesSquare,TimesSquare,Times Square BID
12226004188_122260418_MN05_MN052_5thAvenue,5thAvenue,5th Avenue BID
12226004191_122260419_MN08_MN081_MadisonAvenue,MadisonAvenue,Madison Avenue BID
12226004202_122260420_MN02_MN022_NoHo,NoHo,NoHo BID
12226004211_122260421_MN05_MN052_GrandCentralPartn,GrandCentralPartnership,Grand Central Partnership
12226004214_122260421_MN02_MN023_Meatpacking,Meatpacking,Meatpacking BID
12226004222_122260422_MN05_MN052_GrandCentralPartn,GrandCentralPartnership,Grand Central Partnership
12226004226_122260422_MN05_MN051_34thStreet,34thStreet,34th Street BID
12226004227_122260422_MN05_MN051_34thStreet,34thStreet,34th Street BID
12226004249_122260424_MN04_MN042_HudsonYardsHellsK,HudsonYardsHellsKitchen,Hudson Yards/Hell's Kitchen
12226004252_122260425_MN04_MN042_HudsonYardsHellsK,HudsonYardsHellsKitchen,Hudson Yards/Hell's Kitchen
12226004253_122260425_MN04_MN042_HudsonYardsHellsK,HudsonYardsHellsKitchen,Hudson Yards/Hell's Kitchen
12226004256_122260425_MN04_MN043_TimesSquare,TimesSquare,Times Square BID
12226004259_122260425_MN08_MN081_EastMidManhattan,EastMidManhattan,East Mid-Manhattan BID
12226004261_122260426_MN08_MN081_MadisonAvenue,MadisonAvenue,Madison Avenue BID
12226004289_122260428_MN02_MN023_VillageAlliance,VillageAlliance,Village Alliance BID
12226004292_122260429_MN06_MN063_EastMidManhattan,EastMidManhattan,East Mid-Manhattan BID
12226004298_122260429_MN02_MN021_HudsonSquare,HudsonSquare,Hudson Square
12226004299_122260429_MN02_MN021_HudsonSquare,HudsonSquare,Hudson Square
12226004308_122260430_MN02_MN021_Chinatown,Chinatown,Chinatown
12226004321_122260432_MN02_MN021_HudsonSquare,HudsonSquare,Hudson Square
12226004322_122260432_MN02_MN021_HudsonSquare,HudsonSquare,Hudson Square
12226004327_122260432_MN06_MN063_EastMidManhattan,EastMidManhattan,East Mid-Manhattan BID
12226004329_122260432_MN06_MN063_EastMidManhattan,EastMidManhattan,East Mid-Manhattan BID
12226004330_122260433_MN02_MN021_SoHoBroadway,SoHoBroadway,SoHo Broadway BID
12226004331_122260433_MN02_MN021_SoHoBroadway,SoHoBroadway,SoHo Broadway BID
12226004332_122260433_MN02_MN021_SoHoBroadway,SoHoBroadway,SoHo Broadway BID
12226004333_122260433_MN04_MN042_HudsonYardsHellsK,HudsonYardsHellsKitchen,Hudson Yards/Hell's Kitchen
12226004334_122260433_MN04_MN042_HudsonYardsHellsK,HudsonYardsHellsKitchen,Hudson Yards/Hell's Kitchen
12226004344_122260434_MN01_MN011_DowntownAlliance,DowntownAlliance,Downtown Alliance BID
12226004346_122260434_MN06_MN062_GrandCentralPartn,GrandCentralPartnership,Grand Central Partnership
12226004367_122260436_MN05_MN052_GrandCentralPartn,GrandCentralPartnership,Grand Central Partnership
12226004372_212261932_MN03_MN032_LowerEastSide,LowerEastSide,Lower East Side BID
12226004377_122260437_MN06_MN063_EastMidManhattan,EastMidManhattan,East Mid-Manhattan BID
12226004390_122260439_MN05_MN051_14thStreet,14thStreet,14th Street BID
12226004403_122260440_MN05_MN052_TimesSquare,TimesSquare,Times Square BID
12226004404_122260440_MN05_MN052_TimesSquare,TimesSquare,Times Square BID
12226004407_122260440_MN05_MN052_GrandCentralPartn,GrandCentralPartnership,Grand Central Partnership
12226004410_122260441_MN05_MN052_GrandCentralPartn,GrandCentralPartnership,Grand Central Partnership
12226004412_122260441_MN06_MN063_EastMidManhattan,EastMidManhattan,East Mid-Manhattan BID
12226004420_122260442_MN02_MN021_Chinatown,Chinatown,Chinatown
12226004427_122260442_MN04_MN042_HudsonYardsHellsK,HudsonYardsHellsKitchen,Hudson Yards/Hell's Kitchen
12226004433_122260443_MN05_MN051_34thStreet,34thStreet,34th Street BID
12226004443_122260444_MN05_MN051_34thStreet,34thStreet,34th Street BID
12226004444_122260444_MN05_MN051_34thStreet,34thStreet,34th Street BID
12226004470_122260447_MN05_MN051_Flatiron23rdStree,Flatiron23rdStreetPartnership,Flatiron/23rd Street Partnership
12226004471_122260447_MN05_MN051_Flatiron23rdStree,Flatiron23rdStreetPartnership,Flatiron/23rd Street Partnership
12226004475_122260447_MN05_MN052_GrandCentralPartn,GrandCentralPartnership,Grand Central Partnership
12226004490_122260449_MN05_MN052_BryantPark,BryantPark,Bryant Park BID
12226004491_122260449_MN05_MN051_GarmentDistrict,GarmentDistrict,Garment District
12226004492_122260449_MN05_MN051_GarmentDistrict,GarmentDistrict,Garment District
12226004504_122260450_MN05_MN051_Flatiron23rdStree,Flatiron23rdStreetPartnership,Flatiron/23rd Street Partnership
12226004506_122260450_MN05_MN051_Flatiron23rdStree,Flatiron23rdStreetPartnership,Flatiron/23rd Street Partnership
12226004507_122260450_MN05_MN052_TimesSquare,TimesSquare,Times Square BID
12226004508_122260450_MN05_MN052_TimesSquare,TimesSquare,Times Square BID
12226004509_122260450_MN05_MN052_TimesSquare,TimesSquare,Times Square BID
12226004514_122260451_MN04_MN041_Flatiron23rdStree,Flatiron23rdStreetPartnership,Flatiron/23rd Street Partnership
12226004519_122260451_MN05_MN052_5thAvenue,5thAvenue,5th Avenue BID
12226004528_122260452_MN06_MN063_GrandCentralPartn,GrandCentralPartnership,Grand Central Partnership
12226004529_122260452_MN06_MN063_GrandCentralPartn,GrandCentralPartnership,Grand Central Partnership
12226004542_122260454_MN02_MN021_SoHoBroadway,SoHoBroadway,SoHo Broadway BID
12226004548_122260454_MN06_MN063_GrandCentralPartn,GrandCentralPartnership,Grand Central Partnership
12226004549_122260454_MN06_MN063_GrandCentralPartn,GrandCentralPartnership,Grand Central Partnership
12226004550_122260455_MN06_MN063_GrandCentralPartn,GrandCentralPartnership,Grand Central Partnership
12226004566_122260456_MN05_MN052_TimesSquare,TimesSquare,Times Square BID
12226004600_122260460_MN05_MN052_5thAvenue,5thAvenue,5th Avenue BID
12226004605_122260460_MN05_MN051_14thStreet,14thStreet,14th Street BID
12226004612_122260461_MN02_MN022_NoHo,NoHo,NoHo BID
12226004613_122260461_MN02_MN022_NoHo,NoHo,NoHo BID
12226004616_122260461_MN05_MN052_GrandCentralPartn,GrandCentralPartnership,Grand Central Partnership
12226004622_122260462_MN02_MN022_NoHo,NoHo,NoHo BID
12226004630_122260463_MN06_MN063_EastMidManhattan,EastMidManhattan,East Mid-Manhattan BID
12226004632_122260463_MN05_MN051_GarmentDistrict,GarmentDistrict,Garment District
12226004634_122260463_MN04_MN041_Meatpacking,Meatpacking,Meatpacking BID
12226004636_122260463_MN04_MN041_Meatpacking,Meatpacking,Meatpacking BID
12226004637_122260463_MN05_MN052_5thAvenue,5thAvenue,5th Avenue BID
12226004639_122260463_MN05_MN052_5thAvenue,5thAvenue,5th Avenue BID
12226004641_122260464_MN05_MN052_5thAvenue,5thAvenue,5th Avenue BID
12226004674_122260467_MN05_MN051_Flatiron23rdStree,Flatiron23rdStreetPartnership,Flatiron/23rd Street Partnership
12226004683_122260468_MN01_MN011_DowntownAlliance,DowntownAlliance,Downtown Alliance BID
12226004687_122260468_MN02_MN021_HudsonSquare,HudsonSquare,Hudson Square
12226004695_122260469_MN05_MN051_Flatiron23rdStree,Flatiron23rdStreetPartnership,Flatiron/23rd Street Partnership
12226004696_122260469_MN05_MN051_Flatiron23rdStree,Flatiron23rdStreetPartnership,Flatiron/23rd Street Partnership
12226004707_122260470_MN03_MN032_LowerEastSide,LowerEastSide,Lower East Side BID
12226004722_122260472_MN05_MN052_TimesSquare,TimesSquare,Times Square BID
12226004737_122260473_MN03_MN032_LowerEastSide,LowerEastSide,Lower East Side BID
12226004738_122260473_MN03_MN032_LowerEastSide,LowerEastSide,Lower East Side BID
12226004739_122260473_MN05_MN051_Flatiron23rdStree,Flatiron23rdStreetPartnership,Flatiron/23rd Street Partnership
12226004741_122260474_MN05_MN051_Flatiron23rdStree,Flatiron23rdStreetPartnership,Flatiron/23rd Street Partnership
12226004749_122260474_MN05_MN052_BryantPark,BryantPark,Bryant Park BID
12226004750_122260475_MN05_MN052_BryantPark,BryantPark,Bryant Park BID
12226004751_122260475_MN05_MN052_BryantPark,BryantPark,Bryant Park BID
12226004776_122260477_MN05_MN052_GrandCentralPartn,GrandCentralPartnership,Grand Central Partnership
12226004778_122260477_MN05_MN051_14thStreet,14thStreet,14th Street BID
12226004780_122260478_MN05_MN051_14thStreet,14thStreet,14th Street BID
12226004801_122260480_MN02_MN021_Chinatown,Chinatown,Chinatown
12226004805_122260480_MN04_MN041_Meatpacking,Meatpacking,Meatpacking BID
12226004806_122260480_MN04_MN041_Meatpacking,Meatpacking,Meatpacking BID
12226004811_122260481_MN02_MN023_14thStreet,14thStreet,14th Street BID
12226004831_122260483_MN05_MN051_34thStreet,34thStreet,34th Street BID
12226004839_122260483_MN02_MN023_14thStreet,14thStreet,14th Street BID
12226004841_122260484_MN02_MN023_14thStreet,14thStreet,14th Street BID
12226004852_122260485_MN05_MN052_TimesSquare,TimesSquare,Times Square BID
12226004882_122260488_MN05_MN052_EastMidManhattan,EastMidManhattan,East Mid-Manhattan BID
12226004884_122260488_MN05_MN052_EastMidManhattan,EastMidManhattan,East Mid-Manhattan BID
12226004901_122260490_MN02_MN022_VillageAlliance,VillageAlliance,Village Alliance BID
12226004908_122260490_MN02_MN023_VillageAlliance,VillageAlliance,Village Alliance BID
12226004910_122260491_MN02_MN023_VillageAlliance,VillageAlliance,Village Alliance BID
12226004924_122260492_MN05_MN051_Flatiron23rdStree,Flatiron23rdStreetPartnership,Flatiron/23rd Street Partnership
12226004925_122260492_MN05_MN051_Flatiron23rdStree,Flatiron23rdStreetPartnership,Flatiron/23rd Street Partnership
12226004958_122260495_MN05_MN051_34thStreet,34thStreet,34th Street BID
12226004968_122260496_MN02_MN023_Meatpacking,Meatpacking,Meatpacking BID
12226004969_122260496_MN02_MN023_Meatpacking,Meatpacking,Meatpacking BID
12226004970_122260497_MN02_MN023_Meatpacking,Meatpacking,Meatpacking BID
12226004974_122260497_MN05_MN052_TimesSquare,TimesSquare,Times Square BID
12226004983_122260498_MN05_MN052_TimesSquare,TimesSquare,Times Square BID
12226005000_122260500_MN05_MN051_Flatiron23rdStree,Flatiron23rdStreetPartnership,Flatiron/23rd Street Partnership
12226005001_122260500_MN05_MN051_Flatiron23rdStree,Flatiron23rdStreetPartnership,Flatiron/23rd Street Partnership
12226005002_122260500_MN05_MN051_Flatiron23rdStree,Flatiron23rdStreetPartnership,Flatiron/23rd Street Partnership
12226005004_122260500_MN04_MN043_HudsonYardsHellsK,HudsonYardsHellsKitchen,Hudson Yards/Hell's Kitchen
12226005038_122260503_MN03_MN032_LowerEastSide,LowerEastSide,Lower East Side BID
12226005060_122260506_MN04_MN041_Meatpacking,Meatpacking,Meatpacking BID
12226005068_122260506_MN05_MN052_TimesSquare,TimesSquare,Times Square BID
12226005082_122260508_MN03_MN034_VillageAlliance,VillageAlliance,Village Alliance BID
12226005083_122260508_MN03_MN034_VillageAlliance,VillageAlliance,Village Alliance BID
12226005095_122260509_MN05_MN051_Flatiron23rdStree,Flatiron23rdStreetPartnership,Flatiron/23rd Street Partnership
12226005107_122260510_MN04_MN042_HudsonYardsHellsK,HudsonYardsHellsKitchen,Hudson Yards/Hell's Kitchen
12226005115_122260511_MN05_MN052_GrandCentralPartn,GrandCentralPartnership,Grand Central Partnership
12226005147_122260514_MN05_MN052_GrandCentralPartn,GrandCentralPartnership,Grand Central Partnership
12226005154_122260515_MN05_MN051_Flatiron23rdStree,Flatiron23rdStreetPartnership,Flatiron/23rd Street Partnership
12226005170_122260517_MN03_MN031_Chinatown,Chinatown,Chinatown
12226005173_122260517_MN05_MN051_Flatiron23rdStree,Flatiron23rdStreetPartnership,Flatiron/23rd Street Partnership
12226005175_122260517_MN05_MN051_Flatiron23rdStree,Flatiron23rdStreetPartnership,Flatiron/23rd Street Partnership
12226005211_122260521_MN02_MN022_NoHo,NoHo,NoHo BID
12226005232_122260523_MN02_MN022_NoHo,NoHo,NoHo BID
12226005233_122260523_MN02_MN022_NoHo,NoHo,NoHo BID
12226005234_122260523_MN02_MN022_NoHo,NoHo,NoHo BID
12226005239_122260523_MN05_MN051_Flatiron23rdStree,Flatiron23rdStreetPartnership,Flatiron/23rd Street Partnership
12226005252_122260525_MN07_MN071_LincolnSquare,LincolnSquare,Lincoln Square BID
12226005309_122260530_MN08_MN081_MadisonAvenue,MadisonAvenue,Madison Avenue BID
12226005311_122260531_MN08_MN081_5thAvenue,5thAvenue,5th Avenue BID
12226005312_122260531_MN08_MN081_MadisonAvenue,MadisonAvenue,Madison Avenue BID
12226005318_122260531_MN05_MN052_TimesSquare,TimesSquare,Times Square BID
12226005358_212261955_MN03_MN032_Chinatown,Chinatown,Chinatown
12226005376_122260537_MN02_MN023_Meatpacking,Meatpacking,Meatpacking BID
12226005381_122260538_MN04_MN041_Meatpacking,Meatpacking,Meatpacking BID
12226005383_122260538_MN04_MN041_Meatpacking,Meatpacking,Meatpacking BID
12226005386_122260538_MN05_MN052_TimesSquare,TimesSquare,Times Square BID
12226005389_122260538_MN04_MN041_Meatpacking,Meatpacking,Meatpacking BID
12226005397_122260539_MN04_MN041_Meatpacking,Meatpacking,Meatpacking BID
12226005400_122260540_MN03_MN032_LowerEastSide,LowerEastSide,Lower East Side BID
12226005401_122260540_MN05_MN052_TimesSquare,TimesSquare,Times Square BID
12226005402_122260540_MN04_MN041_Meatpacking,Meatpacking,Meatpacking BID
12226005405_122260540_MN05_MN051_14thStreet,14thStreet,14th Street BID
12226005413_122260541_MN05_MN051_Flatiron23rdStree,Flatiron23rdStreetPartnership,Flatiron/23rd Street Partnership
12226005423_122260542_MN05_MN051_14thStreet,14thStreet,14th Street BID
12226005433_122260543_MN05_MN051_Flatiron23rdStree,Flatiron23rdStreetPartnership,Flatiron/23rd Street Partnership
12226005442_122260544_MN05_MN052_TimesSquare,TimesSquare,Times Square BID
12226005443_122260544_MN05_MN052_TimesSquare,TimesSquare,Times Square BID
12226005444_122260544_MN04_MN042_HudsonYardsHellsK,HudsonYardsHellsKitchen,Hudson Yards/Hell's Kitchen
12226005446_122260544_MN05_MN052_TimesSquare,TimesSquare,Times Square BID
12226005452_122260545_MN05_MN052_TimesSquare,TimesSquare,Times Square BID
12226005453_122260545_MN05_MN051_GarmentDistrict,GarmentDistrict,Garment District
12226005459_122260545_MN04_MN042_34thStreet,34thStreet,34th Street BID
12226005460_122260546_MN04_MN042_HudsonYardsHellsK,HudsonYardsHellsKitchen,Hudson Yards/Hell's Kitchen
12226005461_122260546_MN04_MN042_HudsonYardsHellsK,HudsonYardsHellsKitchen,Hudson Yards/Hell's Kitchen
12226005463_122260546_MN04_MN042_HudsonYardsHellsK,HudsonYardsHellsKitchen,Hudson Yards/Hell's Kitchen
12226005464_122260546_MN04_MN042_HudsonYardsHellsK,HudsonYardsHellsKitchen,Hudson Yards/Hell's Kitchen
12226005496_122260549_MN04_MN043_TimesSquare,TimesSquare,Times Square BID
12226005497_122260549_MN04_MN042_HudsonYardsHellsK,HudsonYardsHellsKitchen,Hudson Yards/Hell's Kitchen
12226005511_122260551_MN02_MN021_HudsonSquare,HudsonSquare,Hudson Square
12226005514_122260551_MN03_MN032_LowerEastSide,LowerEastSide,Lower East Side BID
12226005522_122260552_MN02_MN021_NoHo,NoHo,NoHo BID
12226005523_122260552_MN04_MN043_TimesSquare,TimesSquare,Times Square BID
12226005530_122260553_MN02_MN023_VillageAlliance,VillageAlliance,Village Alliance BID
12226005542_122260554_MN03_MN032_LowerEastSide,LowerEastSide,Lower East Side BID
12226005544_122260554_MN02_MN023_VillageAlliance,VillageAlliance,Village Alliance BID
12226005565_122260556_MN05_MN052_TimesSquare,TimesSquare,Times Square BID
12226005567_122260556_MN03_MN032_LowerEastSide,LowerEastSide,Lower East Side BID
12226005570_122260557_MN05_MN052_5thAvenue,5thAvenue,5th Avenue BID
12226005574_122260557_MN04_MN041_Flatiron23rdStree,Flatiron23rdStreetPartnership,Flatiron/23rd Street Partnership
12226005577_122260557_MN02_MN022_VillageAlliance,VillageAlliance,Village Alliance BID
12226005583_122260558_MN02_MN021_SoHoBroadway,SoHoBroadway,SoHo Broadway BID
12226005584_122260558_MN04_MN042_34thStreet,34thStreet,34th Street BID
12226005588_122260558_MN04_MN042_HudsonYardsHellsK,HudsonYardsHellsKitchen,Hudson Yards/Hell's Kitchen
12226005597_122260559_MN05_MN051_Flatiron23rdStree,Flatiron23rdStreetPartnership,Flatiron/23rd Street Partnership
12226005600_122260560_MN05_MN052_GrandCentralPartn,GrandCentralPartnership,Grand Central Partnership
12226005601_122260560_MN05_MN051_GarmentDistrict,GarmentDistrict,Garment District
12226005606_122260560_MN05_MN052_EastMidManhattan,EastMidManhattan,East Mid-Manhattan BID
12226005615_122260561_MN02_MN022_VillageAlliance,VillageAlliance,Village Alliance BID
12226005616_122260561_MN04_MN041_Meatpacking,Meatpacking,Meatpacking BID
12226005618_122260561_MN04_MN042_GarmentDistrict,GarmentDistrict,Garment District
12226005619_122260561_MN04_MN042_34thStreet,34thStreet,34th Street BID
12226005622_122260562_MN06_MN063_EastMidManhattan,EastMidManhattan,East Mid-Manhattan BID
12226005624_122260562_MN05_MN052_TimesSquare,TimesSquare,Times Square BID
12226005628_122260562_MN05_MN052_GrandCentralPartn,GrandCentralPartnership,Grand Central Partnership
12226005631_122260563_MN05_MN051_14thStreet,14thStreet,14th Street BID
12226005634_122260563_MN05_MN051_Flatiron23rdStree,Flatiron23rdStreetPartnership,Flatiron/23rd Street Partnership
12226005645_122260564_MN02_MN021_Chinatown,Chinatown,Chinatown
12226005659_122260565_MN04_MN043_HudsonYardsHellsK,HudsonYardsHellsKitchen,Hudson Yards/Hell's Kitchen
12226005671_122260567_MN05_MN052_EastMidManhattan,EastMidManhattan,East Mid-Manhattan BID
12226005698_122260569_MN05_MN051_14thStreet,14thStreet,14th Street BID
12226005699_122260569_MN05_MN051_TimesSquare,TimesSquare,Times Square BID
12226005747_122260574_MN02_MN021_SoHoBroadway,SoHoBroadway,SoHo Broadway BID
12226005753_122260575_MN02_MN023_Meatpacking,Meatpacking,Meatpacking BID
12226005766_122260576_MN02_MN023_Meatpacking,Meatpacking,Meatpacking BID
12226005767_122260576_MN02_MN022_NoHo,NoHo,NoHo BID
12226005768_122260576_MN05_MN052_EastMidManhattan,EastMidManhattan,East Mid-Manhattan BID
12226005774_122260577_MN05_MN052_EastMidManhattan,EastMidManhattan,East Mid-Manhattan BID
12226005776_122260577_MN06_MN063_EastMidManhattan,EastMidManhattan,East Mid-Manhattan BID
12226005779_122260577_MN02_MN023_VillageAlliance,VillageAlliance,Village Alliance BID
12226005782_122260578_MN05_MN052_TimesSquare,TimesSquare,Times Square BID
12226005789_122260578_MN05_MN052_TimesSquare,TimesSquare,Times Square BID
12226005793_122260579_MN05_MN052_GrandCentralPartn,GrandCentralPartnership,Grand Central Partnership
12226005797_122260579_MN02_MN023_VillageAlliance,VillageAlliance,Village Alliance BID
12226005804_122260580_MN05_MN051_Flatiron23rdStree,Flatiron23rdStreetPartnership,Flatiron/23rd Street Partnership
12226005809_122260580_MN05_MN051_34thStreet,34thStreet,34th Street BID
12226005814_122260581_MN05_MN052_TimesSquare,TimesSquare,Times Square BID
12226005820_122260582_MN05_MN052_TimesSquare,TimesSquare,Times Square BID
12226005821_122260582_MN05_MN052_GrandCentralPartn,GrandCentralPartnership,Grand Central Partnership
12226005831_122260583_MN08_MN081_EastMidManhattan,EastMidManhattan,East Mid-Manhattan BID
12226005845_122260584_MN02_MN022_NoHo,NoHo,NoHo BID
12226005847_122260584_MN04_MN043_TimesSquare,TimesSquare,Times Square BID
12226005862_122260586_MN08_MN081_MadisonAvenue,MadisonAvenue,Madison Avenue BID
12226005865_122260586_MN06_MN061_Flatiron23rdStree,Flatiron23rdStreetPartnership,Flatiron/23rd Street Partnership
12226005877_122260587_MN02_MN022_NoHo,NoHo,NoHo BID
12226005885_122260588_MN02_MN022_VillageAlliance,VillageAlliance,Village Alliance BID
12226005896_122260589_MN03_MN032_LowerEastSide,LowerEastSide,Lower East Side BID
12226005901_122260590_MN06_MN063_EastMidManhattan,EastMidManhattan,East Mid-Manhattan BID
12226005909_122260590_MN05_MN051_34thStreet,34thStreet,34th Street BID
12226005920_122260592_MN02_MN022_VillageAlliance,VillageAlliance,Village Alliance BID
12226005928_122260592_MN05_MN051_14thStreet,14thStreet,14th Street BID
12226005933_122260593_MN02_MN023_VillageAlliance,VillageAlliance,Village Alliance BID
12226005947_122260594_MN05_MN052_GrandCentralPartn,GrandCentralPartnership,Grand Central Partnership
12226005949_122260594_MN06_MN062_GrandCentralPartn,GrandCentralPartnership,Grand Central Partnership
12226005950_122260595_MN02_MN022_NoHo,NoHo,NoHo BID
12226005955_122260595_MN02_MN021_HudsonSquare,HudsonSquare,Hudson Square
12226005968_122260596_MN02_MN023_Meatpacking,Meatpacking,Meatpacking BID
12226005969_122260596_MN06_MN062_GrandCentralPartn,GrandCentralPartnership,Grand Central Partnership
12226005974_122260597_MN02_MN021_VillageAlliance,VillageAlliance,Village Alliance BID
12226005978_122260597_MN05_MN051_GarmentDistrict,GarmentDistrict,Garment District
12226005979_122260597_MN04_MN042_HudsonYardsHellsK,HudsonYardsHellsKitchen,Hudson Yards/Hell's Kitchen
12226005982_122260598_MN04_MN042_GarmentDistrict,GarmentDistrict,Garment District
12226005983_122260598_MN02_MN023_Meatpacking,Meatpacking,Meatpacking BID
12226005988_122260598_MN02_MN021_Chinatown,Chinatown,Chinatown
12226005993_122260599_MN06_MN061_Flatiron23rdStree,Flatiron23rdStreetPartnership,Flatiron/23rd Street Partnership
12226006000_122260600_MN02_MN023_Meatpacking,Meatpacking,Meatpacking BID
12226006002_122260600_MN03_MN031_Chinatown,Chinatown,Chinatown
12226006013_122260601_MN01_MN013_Chinatown,Chinatown,Chinatown
12226006020_122260602_MN05_MN051_Flatiron23rdStree,Flatiron23rdStreetPartnership,Flatiron/23rd Street Partnership
12226006024_122260602_MN05_MN052_TimesSquare,TimesSquare,Times Square BID
12226006030_122260603_MN02_MN022_NoHo,NoHo,NoHo BID
12226006031_122260603_MN06_MN063_EastMidManhattan,EastMidManhattan,East Mid-Manhattan BID
12226006033_122260603_MN05_MN051_Flatiron23rdStree,Flatiron23rdStreetPartnership,Flatiron/23rd Street Partnership
12226006038_122260603_MN03_MN032_LowerEastSide,LowerEastSide,Lower East Side BID
12226006050_122260605_MN05_MN052_GrandCentralPartn,GrandCentralPartnership,Grand Central Partnership
12226006056_122260605_MN04_MN042_GarmentDistrict,GarmentDistrict,Garment District
12226006060_122260606_MN05_MN052_GarmentDistrict,GarmentDistrict,Garment District
12226006064_122260606_MN02_MN022_VillageAlliance,VillageAlliance,Village Alliance BID
12226006069_122260606_MN05_MN051_34thStreet,34thStreet,34th Street BID
12226006073_122260607_MN08_MN081_MadisonAvenue,MadisonAvenue,Madison Avenue BID
12226006081_122260608_MN06_MN061_14thStreet,14thStreet,14th Street BID
12226006082_122260608_MN05_MN051_Flatiron23rdStree,Flatiron23rdStreetPartnership,Flatiron/23rd Street Partnership
12226006088_122260608_MN05_MN052_34thStreet,34thStreet,34th Street BID
12226006103_122260610_MN05_MN052_47thStreet,47thStreet,47th Street BID
12226006105_122260610_MN02_MN023_Meatpacking,Meatpacking,Meatpacking BID
12226006123_122260612_MN02_MN023_14thStreet,14thStreet,14th Street BID
